compound,target,receptor_record_id,sair_protein_id,target_smiles,compatible_sair_rows,isomeric_match_rows,nonisomeric_match_rows,join_status
"1,8-cineole",TRPA1,protein:CDBP04867,O75762,C[C@@]12CC[C@@H](CC1)C(C)(C)O2,14735,0,0,no_match
absinthin,TRPA1,protein:CDBP04867,O75762,C[C@H]1[C@@H]2CC[C@](C)(O)[C@@H]3[C@H]4[C@H]5C=C(C)[C@@]6([C@H]7OC(=O)[C@@H](C)[C@@H]7CC[C@](C)(O)[C@@H]56)[C@H]4C(=C3[C@H]2OC1=O)C,14735,0,0,no_match
alpha-pinene,TRPA1,protein:CDBP04867,O75762,CC1=CC[C@@H]2C[C@H]1C2(C)C,14735,0,0,no_match
alpha-pinene,TRPA1,protein:CDBP04867,O75762,CC1=CC[C@H]2CC1C2(C)C,14735,0,0,no_match
alpha-thujone,TRPA1,protein:CDBP04867,O75762,CC(C)[C@@]12C[C@@H]1[C@@H](C)C(=O)C2,14735,0,0,no_match
anisaldehyde,TRPA1,protein:CDBP04867,O75762,COc1ccc(C=O)cc1,14735,0,0,no_match
artabsin,TRPA1,protein:CDBP04867,O75762,C[C@H]1[C@@H]2CC[C@](C)(O)C3=CCC(=C3[C@H]2OC1=O)C,14735,0,0,no_match
beta-caryophyllene,TRPA1,protein:CDBP04867,O75762,CC1=CCCC(=C)[C@H]2CC(C)(C)[C@@H]2CC1,14735,0,0,no_match
beta-myrcene,TRPA1,protein:CDBP04867,O75762,CC(C)=CCCC(=C)C=C,14735,0,0,no_match
beta-pinene,TRPA1,protein:CDBP04867,O75762,CC1(C)C2CCC(=C)[C@@H]1C2,14735,0,0,no_match
beta-pinene,TRPA1,protein:CDBP04867,O75762,CC1(C)[C@H]2CCC(=C)[C@@H]1C2,14735,0,0,no_match
beta-thujone,TRPA1,protein:CDBP04867,O75762,CC(C)[C@]12C[C@H]1[C@@H](C)C(=O)C2,14735,0,0,no_match
camphor,TRPA1,protein:CDBP04867,O75762,CC1(C)[C@H]2CCC1(C)C(=O)C2,14735,0,0,no_match
camphor,TRPA1,protein:CDBP04867,O75762,CC1(C)[C@H]2CC[C@]1(C)C(=O)C2,14735,0,0,no_match
chamazulene,TRPA1,protein:CDBP04867,O75762,CCc1ccc(C)c2ccc(C)c2c1,14735,0,0,no_match
cis-anethole,TRPA1,protein:CDBP04867,O75762,COc1ccc(\C=C/C)cc1,14735,0,0,no_match
citronellal,TRPA1,protein:CDBP04867,O75762,C[C@@H](CCC=C(C)C)CC=O,14735,0,0,no_match
citronellal,TRPA1,protein:CDBP04867,O75762,C[C@H](CCC=C(C)C)CC=O,14735,0,0,no_match
estragole,TRPA1,protein:CDBP04867,O75762,COc1ccc(CC=C)cc1,14735,0,0,no_match
fenchone,TRPA1,protein:CDBP04867,O75762,CC1(C)[C@@H]2CC[C@@](C)(C2)C1=O,14735,0,0,no_match
fenchone,TRPA1,protein:CDBP04867,O75762,CC1(C)[C@H]2CC[C@](C)(C2)C1=O,14735,0,0,no_match
gamma-himachalene,TRPA1,protein:CDBP04867,O75762,CC1=C[C@@H]2[C@H](CC1)C(=CCCC2(C)C)C,14735,0,0,no_match
gamma-terpinene,TRPA1,protein:CDBP04867,O75762,CC(C)C1=CCC(=CC1)C,14735,0,0,no_match
geranial,TRPA1,protein:CDBP04867,O75762,CC(C)=CCC/C(C)=C/C=O,14735,0,0,no_match
isopinocamphone,TRPA1,protein:CDBP04867,O75762,C[C@H]1[C@@H]2C[C@H](CC1=O)C2(C)C,14735,0,0,no_match
limonene,TRPA1,protein:CDBP04867,O75762,CC(=C)[C@@H]1CCC(=CC1)C,14735,0,0,no_match
limonene,TRPA1,protein:CDBP04867,O75762,CC(=C)[C@H]1CCC(=CC1)C,14735,0,0,no_match
linalool,TRPA1,protein:CDBP04867,O75762,CC(C)=CCC[C@@](C)(O)C=C,14735,0,0,no_match
linalool,TRPA1,protein:CDBP04867,O75762,CC(C)=CCC[C@](C)(O)C=C,14735,0,0,no_match
methyleugenol,TRPA1,protein:CDBP04867,O75762,COc1ccc(CC=C)cc1OC,14735,0,0,no_match
neral,TRPA1,protein:CDBP04867,O75762,CC(C)=CCC\C(C)=C/C=O,14735,0,0,no_match
pinocamphone,TRPA1,protein:CDBP04867,O75762,C[C@@H]1[C@H]2C[C@H](CC1=O)C2(C)C,14735,0,0,no_match
rosmarinic acid,TRPA1,protein:CDBP04867,O75762,OC(=O)C(Cc1ccc(O)c(O)c1)OC(=O)C=Cc2ccc(O)c(O)c2,14735,0,0,no_match
spathulenol,TRPA1,protein:CDBP04867,O75762,CC1(O)CCC2C1C3C(CCC2=C)C3(C)C,14735,0,0,no_match
trans-anethole,TRPA1,protein:CDBP04867,O75762,COc1ccc(/C=C/C)cc1,14735,0,0,no_match
trans-sabinyl acetate,TRPA1,protein:CDBP04867,O75762,CC(C)[C@@]12C[C@@H](C(=C)C1C2)OC(=O)C,14735,0,0,no_match
"1,8-cineole",CHRM2,protein:CDBP04814,P08172,C[C@@]12CC[C@@H](CC1)C(C)(C)O2,4180,0,0,no_match
absinthin,CHRM2,protein:CDBP04814,P08172,C[C@H]1[C@@H]2CC[C@](C)(O)[C@@H]3[C@H]4[C@H]5C=C(C)[C@@]6([C@H]7OC(=O)[C@@H](C)[C@@H]7CC[C@](C)(O)[C@@H]56)[C@H]4C(=C3[C@H]2OC1=O)C,4180,0,0,no_match
alpha-pinene,CHRM2,protein:CDBP04814,P08172,CC1=CC[C@@H]2C[C@H]1C2(C)C,4180,0,0,no_match
alpha-pinene,CHRM2,protein:CDBP04814,P08172,CC1=CC[C@H]2CC1C2(C)C,4180,0,0,no_match
alpha-thujone,CHRM2,protein:CDBP04814,P08172,CC(C)[C@@]12C[C@@H]1[C@@H](C)C(=O)C2,4180,0,0,no_match
anisaldehyde,CHRM2,protein:CDBP04814,P08172,COc1ccc(C=O)cc1,4180,0,0,no_match
artabsin,CHRM2,protein:CDBP04814,P08172,C[C@H]1[C@@H]2CC[C@](C)(O)C3=CCC(=C3[C@H]2OC1=O)C,4180,0,0,no_match
beta-caryophyllene,CHRM2,protein:CDBP04814,P08172,CC1=CCCC(=C)[C@H]2CC(C)(C)[C@@H]2CC1,4180,0,0,no_match
beta-myrcene,CHRM2,protein:CDBP04814,P08172,CC(C)=CCCC(=C)C=C,4180,0,0,no_match
beta-pinene,CHRM2,protein:CDBP04814,P08172,CC1(C)C2CCC(=C)[C@@H]1C2,4180,0,0,no_match
beta-pinene,CHRM2,protein:CDBP04814,P08172,CC1(C)[C@H]2CCC(=C)[C@@H]1C2,4180,0,0,no_match
beta-thujone,CHRM2,protein:CDBP04814,P08172,CC(C)[C@]12C[C@H]1[C@@H](C)C(=O)C2,4180,0,0,no_match
camphor,CHRM2,protein:CDBP04814,P08172,CC1(C)[C@H]2CCC1(C)C(=O)C2,4180,0,0,no_match
camphor,CHRM2,protein:CDBP04814,P08172,CC1(C)[C@H]2CC[C@]1(C)C(=O)C2,4180,0,0,no_match
chamazulene,CHRM2,protein:CDBP04814,P08172,CCc1ccc(C)c2ccc(C)c2c1,4180,0,0,no_match
cis-anethole,CHRM2,protein:CDBP04814,P08172,COc1ccc(\C=C/C)cc1,4180,0,0,no_match
citronellal,CHRM2,protein:CDBP04814,P08172,C[C@@H](CCC=C(C)C)CC=O,4180,0,0,no_match
citronellal,CHRM2,protein:CDBP04814,P08172,C[C@H](CCC=C(C)C)CC=O,4180,0,0,no_match
estragole,CHRM2,protein:CDBP04814,P08172,COc1ccc(CC=C)cc1,4180,0,0,no_match
fenchone,CHRM2,protein:CDBP04814,P08172,CC1(C)[C@@H]2CC[C@@](C)(C2)C1=O,4180,0,0,no_match
fenchone,CHRM2,protein:CDBP04814,P08172,CC1(C)[C@H]2CC[C@](C)(C2)C1=O,4180,0,0,no_match
gamma-himachalene,CHRM2,protein:CDBP04814,P08172,CC1=C[C@@H]2[C@H](CC1)C(=CCCC2(C)C)C,4180,0,0,no_match
gamma-terpinene,CHRM2,protein:CDBP04814,P08172,CC(C)C1=CCC(=CC1)C,4180,0,0,no_match
geranial,CHRM2,protein:CDBP04814,P08172,CC(C)=CCC/C(C)=C/C=O,4180,0,0,no_match
isopinocamphone,CHRM2,protein:CDBP04814,P08172,C[C@H]1[C@@H]2C[C@H](CC1=O)C2(C)C,4180,0,0,no_match
limonene,CHRM2,protein:CDBP04814,P08172,CC(=C)[C@@H]1CCC(=CC1)C,4180,0,0,no_match
limonene,CHRM2,protein:CDBP04814,P08172,CC(=C)[C@H]1CCC(=CC1)C,4180,0,0,no_match
linalool,CHRM2,protein:CDBP04814,P08172,CC(C)=CCC[C@@](C)(O)C=C,4180,0,0,no_match
linalool,CHRM2,protein:CDBP04814,P08172,CC(C)=CCC[C@](C)(O)C=C,4180,0,0,no_match
methyleugenol,CHRM2,protein:CDBP04814,P08172,COc1ccc(CC=C)cc1OC,4180,0,0,no_match
neral,CHRM2,protein:CDBP04814,P08172,CC(C)=CCC\C(C)=C/C=O,4180,0,0,no_match
pinocamphone,CHRM2,protein:CDBP04814,P08172,C[C@@H]1[C@H]2C[C@H](CC1=O)C2(C)C,4180,0,0,no_match
rosmarinic acid,CHRM2,protein:CDBP04814,P08172,OC(=O)C(Cc1ccc(O)c(O)c1)OC(=O)C=Cc2ccc(O)c(O)c2,4180,0,0,no_match
spathulenol,CHRM2,protein:CDBP04814,P08172,CC1(O)CCC2C1C3C(CCC2=C)C3(C)C,4180,0,0,no_match
trans-anethole,CHRM2,protein:CDBP04814,P08172,COc1ccc(/C=C/C)cc1,4180,0,0,no_match
trans-sabinyl acetate,CHRM2,protein:CDBP04814,P08172,CC(C)[C@@]12C[C@@H](C(=C)C1C2)OC(=O)C,4180,0,0,no_match
"1,8-cineole",HTR1A,protein:CDBP01994,P08908,C[C@@]12CC[C@@H](CC1)C(C)(C)O2,4610,0,0,no_match
absinthin,HTR1A,protein:CDBP01994,P08908,C[C@H]1[C@@H]2CC[C@](C)(O)[C@@H]3[C@H]4[C@H]5C=C(C)[C@@]6([C@H]7OC(=O)[C@@H](C)[C@@H]7CC[C@](C)(O)[C@@H]56)[C@H]4C(=C3[C@H]2OC1=O)C,4610,0,0,no_match
alpha-pinene,HTR1A,protein:CDBP01994,P08908,CC1=CC[C@@H]2C[C@H]1C2(C)C,4610,0,0,no_match
alpha-pinene,HTR1A,protein:CDBP01994,P08908,CC1=CC[C@H]2CC1C2(C)C,4610,0,0,no_match
alpha-thujone,HTR1A,protein:CDBP01994,P08908,CC(C)[C@@]12C[C@@H]1[C@@H](C)C(=O)C2,4610,0,0,no_match
anisaldehyde,HTR1A,protein:CDBP01994,P08908,COc1ccc(C=O)cc1,4610,0,0,no_match
artabsin,HTR1A,protein:CDBP01994,P08908,C[C@H]1[C@@H]2CC[C@](C)(O)C3=CCC(=C3[C@H]2OC1=O)C,4610,0,0,no_match
beta-caryophyllene,HTR1A,protein:CDBP01994,P08908,CC1=CCCC(=C)[C@H]2CC(C)(C)[C@@H]2CC1,4610,0,0,no_match
beta-myrcene,HTR1A,protein:CDBP01994,P08908,CC(C)=CCCC(=C)C=C,4610,0,0,no_match
beta-pinene,HTR1A,protein:CDBP01994,P08908,CC1(C)C2CCC(=C)[C@@H]1C2,4610,0,0,no_match
beta-pinene,HTR1A,protein:CDBP01994,P08908,CC1(C)[C@H]2CCC(=C)[C@@H]1C2,4610,0,0,no_match
beta-thujone,HTR1A,protein:CDBP01994,P08908,CC(C)[C@]12C[C@H]1[C@@H](C)C(=O)C2,4610,0,0,no_match
camphor,HTR1A,protein:CDBP01994,P08908,CC1(C)[C@H]2CCC1(C)C(=O)C2,4610,0,0,no_match
camphor,HTR1A,protein:CDBP01994,P08908,CC1(C)[C@H]2CC[C@]1(C)C(=O)C2,4610,0,0,no_match
chamazulene,HTR1A,protein:CDBP01994,P08908,CCc1ccc(C)c2ccc(C)c2c1,4610,0,0,no_match
cis-anethole,HTR1A,protein:CDBP01994,P08908,COc1ccc(\C=C/C)cc1,4610,0,0,no_match
citronellal,HTR1A,protein:CDBP01994,P08908,C[C@@H](CCC=C(C)C)CC=O,4610,0,0,no_match
citronellal,HTR1A,protein:CDBP01994,P08908,C[C@H](CCC=C(C)C)CC=O,4610,0,0,no_match
estragole,HTR1A,protein:CDBP01994,P08908,COc1ccc(CC=C)cc1,4610,0,0,no_match
fenchone,HTR1A,protein:CDBP01994,P08908,CC1(C)[C@@H]2CC[C@@](C)(C2)C1=O,4610,0,0,no_match
fenchone,HTR1A,protein:CDBP01994,P08908,CC1(C)[C@H]2CC[C@](C)(C2)C1=O,4610,0,0,no_match
gamma-himachalene,HTR1A,protein:CDBP01994,P08908,CC1=C[C@@H]2[C@H](CC1)C(=CCCC2(C)C)C,4610,0,0,no_match
gamma-terpinene,HTR1A,protein:CDBP01994,P08908,CC(C)C1=CCC(=CC1)C,4610,0,0,no_match
geranial,HTR1A,protein:CDBP01994,P08908,CC(C)=CCC/C(C)=C/C=O,4610,0,0,no_match
isopinocamphone,HTR1A,protein:CDBP01994,P08908,C[C@H]1[C@@H]2C[C@H](CC1=O)C2(C)C,4610,0,0,no_match
limonene,HTR1A,protein:CDBP01994,P08908,CC(=C)[C@@H]1CCC(=CC1)C,4610,0,0,no_match
limonene,HTR1A,protein:CDBP01994,P08908,CC(=C)[C@H]1CCC(=CC1)C,4610,0,0,no_match
linalool,HTR1A,protein:CDBP01994,P08908,CC(C)=CCC[C@@](C)(O)C=C,4610,0,0,no_match
linalool,HTR1A,protein:CDBP01994,P08908,CC(C)=CCC[C@](C)(O)C=C,4610,0,0,no_match
methyleugenol,HTR1A,protein:CDBP01994,P08908,COc1ccc(CC=C)cc1OC,4610,0,0,no_match
neral,HTR1A,protein:CDBP01994,P08908,CC(C)=CCC\C(C)=C/C=O,4610,0,0,no_match
pinocamphone,HTR1A,protein:CDBP01994,P08908,C[C@@H]1[C@H]2C[C@H](CC1=O)C2(C)C,4610,0,0,no_match
rosmarinic acid,HTR1A,protein:CDBP01994,P08908,OC(=O)C(Cc1ccc(O)c(O)c1)OC(=O)C=Cc2ccc(O)c(O)c2,4610,0,0,no_match
spathulenol,HTR1A,protein:CDBP01994,P08908,CC1(O)CCC2C1C3C(CCC2=C)C3(C)C,4610,0,0,no_match
trans-anethole,HTR1A,protein:CDBP01994,P08908,COc1ccc(/C=C/C)cc1,4610,0,0,no_match
trans-sabinyl acetate,HTR1A,protein:CDBP01994,P08908,CC(C)[C@@]12C[C@@H](C(=C)C1C2)OC(=O)C,4610,0,0,no_match
"1,8-cineole",DRD2,protein:CDBP01576,P14416,C[C@@]12CC[C@@H](CC1)C(C)(C)O2,6305,0,0,no_match
absinthin,DRD2,protein:CDBP01576,P14416,C[C@H]1[C@@H]2CC[C@](C)(O)[C@@H]3[C@H]4[C@H]5C=C(C)[C@@]6([C@H]7OC(=O)[C@@H](C)[C@@H]7CC[C@](C)(O)[C@@H]56)[C@H]4C(=C3[C@H]2OC1=O)C,6305,0,0,no_match
alpha-pinene,DRD2,protein:CDBP01576,P14416,CC1=CC[C@@H]2C[C@H]1C2(C)C,6305,0,0,no_match
alpha-pinene,DRD2,protein:CDBP01576,P14416,CC1=CC[C@H]2CC1C2(C)C,6305,0,0,no_match
alpha-thujone,DRD2,protein:CDBP01576,P14416,CC(C)[C@@]12C[C@@H]1[C@@H](C)C(=O)C2,6305,0,0,no_match
anisaldehyde,DRD2,protein:CDBP01576,P14416,COc1ccc(C=O)cc1,6305,0,0,no_match
artabsin,DRD2,protein:CDBP01576,P14416,C[C@H]1[C@@H]2CC[C@](C)(O)C3=CCC(=C3[C@H]2OC1=O)C,6305,0,0,no_match
beta-caryophyllene,DRD2,protein:CDBP01576,P14416,CC1=CCCC(=C)[C@H]2CC(C)(C)[C@@H]2CC1,6305,0,0,no_match
beta-myrcene,DRD2,protein:CDBP01576,P14416,CC(C)=CCCC(=C)C=C,6305,0,0,no_match
beta-pinene,DRD2,protein:CDBP01576,P14416,CC1(C)C2CCC(=C)[C@@H]1C2,6305,0,0,no_match
beta-pinene,DRD2,protein:CDBP01576,P14416,CC1(C)[C@H]2CCC(=C)[C@@H]1C2,6305,0,0,no_match
beta-thujone,DRD2,protein:CDBP01576,P14416,CC(C)[C@]12C[C@H]1[C@@H](C)C(=O)C2,6305,0,0,no_match
camphor,DRD2,protein:CDBP01576,P14416,CC1(C)[C@H]2CCC1(C)C(=O)C2,6305,0,0,no_match
camphor,DRD2,protein:CDBP01576,P14416,CC1(C)[C@H]2CC[C@]1(C)C(=O)C2,6305,0,0,no_match
chamazulene,DRD2,protein:CDBP01576,P14416,CCc1ccc(C)c2ccc(C)c2c1,6305,0,0,no_match
cis-anethole,DRD2,protein:CDBP01576,P14416,COc1ccc(\C=C/C)cc1,6305,0,0,no_match
citronellal,DRD2,protein:CDBP01576,P14416,C[C@@H](CCC=C(C)C)CC=O,6305,0,0,no_match
citronellal,DRD2,protein:CDBP01576,P14416,C[C@H](CCC=C(C)C)CC=O,6305,0,0,no_match
estragole,DRD2,protein:CDBP01576,P14416,COc1ccc(CC=C)cc1,6305,0,0,no_match
fenchone,DRD2,protein:CDBP01576,P14416,CC1(C)[C@@H]2CC[C@@](C)(C2)C1=O,6305,0,0,no_match
fenchone,DRD2,protein:CDBP01576,P14416,CC1(C)[C@H]2CC[C@](C)(C2)C1=O,6305,0,0,no_match
gamma-himachalene,DRD2,protein:CDBP01576,P14416,CC1=C[C@@H]2[C@H](CC1)C(=CCCC2(C)C)C,6305,0,0,no_match
gamma-terpinene,DRD2,protein:CDBP01576,P14416,CC(C)C1=CCC(=CC1)C,6305,0,0,no_match
geranial,DRD2,protein:CDBP01576,P14416,CC(C)=CCC/C(C)=C/C=O,6305,0,0,no_match
isopinocamphone,DRD2,protein:CDBP01576,P14416,C[C@H]1[C@@H]2C[C@H](CC1=O)C2(C)C,6305,0,0,no_match
limonene,DRD2,protein:CDBP01576,P14416,CC(=C)[C@@H]1CCC(=CC1)C,6305,0,0,no_match
limonene,DRD2,protein:CDBP01576,P14416,CC(=C)[C@H]1CCC(=CC1)C,6305,0,0,no_match
linalool,DRD2,protein:CDBP01576,P14416,CC(C)=CCC[C@@](C)(O)C=C,6305,0,0,no_match
linalool,DRD2,protein:CDBP01576,P14416,CC(C)=CCC[C@](C)(O)C=C,6305,0,0,no_match
methyleugenol,DRD2,protein:CDBP01576,P14416,COc1ccc(CC=C)cc1OC,6305,0,0,no_match
neral,DRD2,protein:CDBP01576,P14416,CC(C)=CCC\C(C)=C/C=O,6305,0,0,no_match
pinocamphone,DRD2,protein:CDBP01576,P14416,C[C@@H]1[C@H]2C[C@H](CC1=O)C2(C)C,6305,0,0,no_match
rosmarinic acid,DRD2,protein:CDBP01576,P14416,OC(=O)C(Cc1ccc(O)c(O)c1)OC(=O)C=Cc2ccc(O)c(O)c2,6305,0,0,no_match
spathulenol,DRD2,protein:CDBP01576,P14416,CC1(O)CCC2C1C3C(CCC2=C)C3(C)C,6305,0,0,no_match
trans-anethole,DRD2,protein:CDBP01576,P14416,COc1ccc(/C=C/C)cc1,6305,0,0,no_match
trans-sabinyl acetate,DRD2,protein:CDBP01576,P14416,CC(C)[C@@]12C[C@@H](C(=C)C1C2)OC(=O)C,6305,0,0,no_match
"1,8-cineole",GABRA1,protein:CDBP03412,P14867,C[C@@]12CC[C@@H](CC1)C(C)(C)O2,265,0,0,no_match
absinthin,GABRA1,protein:CDBP03412,P14867,C[C@H]1[C@@H]2CC[C@](C)(O)[C@@H]3[C@H]4[C@H]5C=C(C)[C@@]6([C@H]7OC(=O)[C@@H](C)[C@@H]7CC[C@](C)(O)[C@@H]56)[C@H]4C(=C3[C@H]2OC1=O)C,265,0,0,no_match
alpha-pinene,GABRA1,protein:CDBP03412,P14867,CC1=CC[C@@H]2C[C@H]1C2(C)C,265,0,0,no_match
alpha-pinene,GABRA1,protein:CDBP03412,P14867,CC1=CC[C@H]2CC1C2(C)C,265,0,0,no_match
alpha-thujone,GABRA1,protein:CDBP03412,P14867,CC(C)[C@@]12C[C@@H]1[C@@H](C)C(=O)C2,265,0,0,no_match
anisaldehyde,GABRA1,protein:CDBP03412,P14867,COc1ccc(C=O)cc1,265,0,0,no_match
artabsin,GABRA1,protein:CDBP03412,P14867,C[C@H]1[C@@H]2CC[C@](C)(O)C3=CCC(=C3[C@H]2OC1=O)C,265,0,0,no_match
beta-caryophyllene,GABRA1,protein:CDBP03412,P14867,CC1=CCCC(=C)[C@H]2CC(C)(C)[C@@H]2CC1,265,0,0,no_match
beta-myrcene,GABRA1,protein:CDBP03412,P14867,CC(C)=CCCC(=C)C=C,265,0,0,no_match
beta-pinene,GABRA1,protein:CDBP03412,P14867,CC1(C)C2CCC(=C)[C@@H]1C2,265,0,0,no_match
beta-pinene,GABRA1,protein:CDBP03412,P14867,CC1(C)[C@H]2CCC(=C)[C@@H]1C2,265,0,0,no_match
beta-thujone,GABRA1,protein:CDBP03412,P14867,CC(C)[C@]12C[C@H]1[C@@H](C)C(=O)C2,265,0,0,no_match
camphor,GABRA1,protein:CDBP03412,P14867,CC1(C)[C@H]2CCC1(C)C(=O)C2,265,0,0,no_match
camphor,GABRA1,protein:CDBP03412,P14867,CC1(C)[C@H]2CC[C@]1(C)C(=O)C2,265,0,0,no_match
chamazulene,GABRA1,protein:CDBP03412,P14867,CCc1ccc(C)c2ccc(C)c2c1,265,0,0,no_match
cis-anethole,GABRA1,protein:CDBP03412,P14867,COc1ccc(\C=C/C)cc1,265,0,0,no_match
citronellal,GABRA1,protein:CDBP03412,P14867,C[C@@H](CCC=C(C)C)CC=O,265,0,0,no_match
citronellal,GABRA1,protein:CDBP03412,P14867,C[C@H](CCC=C(C)C)CC=O,265,0,0,no_match
estragole,GABRA1,protein:CDBP03412,P14867,COc1ccc(CC=C)cc1,265,0,0,no_match
fenchone,GABRA1,protein:CDBP03412,P14867,CC1(C)[C@@H]2CC[C@@](C)(C2)C1=O,265,0,0,no_match
fenchone,GABRA1,protein:CDBP03412,P14867,CC1(C)[C@H]2CC[C@](C)(C2)C1=O,265,0,0,no_match
gamma-himachalene,GABRA1,protein:CDBP03412,P14867,CC1=C[C@@H]2[C@H](CC1)C(=CCCC2(C)C)C,265,0,0,no_match
gamma-terpinene,GABRA1,protein:CDBP03412,P14867,CC(C)C1=CCC(=CC1)C,265,0,0,no_match
geranial,GABRA1,protein:CDBP03412,P14867,CC(C)=CCC/C(C)=C/C=O,265,0,0,no_match
isopinocamphone,GABRA1,protein:CDBP03412,P14867,C[C@H]1[C@@H]2C[C@H](CC1=O)C2(C)C,265,0,0,no_match
limonene,GABRA1,protein:CDBP03412,P14867,CC(=C)[C@@H]1CCC(=CC1)C,265,0,0,no_match
limonene,GABRA1,protein:CDBP03412,P14867,CC(=C)[C@H]1CCC(=CC1)C,265,0,0,no_match
linalool,GABRA1,protein:CDBP03412,P14867,CC(C)=CCC[C@@](C)(O)C=C,265,0,0,no_match
linalool,GABRA1,protein:CDBP03412,P14867,CC(C)=CCC[C@](C)(O)C=C,265,0,0,no_match
methyleugenol,GABRA1,protein:CDBP03412,P14867,COc1ccc(CC=C)cc1OC,265,0,0,no_match
neral,GABRA1,protein:CDBP03412,P14867,CC(C)=CCC\C(C)=C/C=O,265,0,0,no_match
pinocamphone,GABRA1,protein:CDBP03412,P14867,C[C@@H]1[C@H]2C[C@H](CC1=O)C2(C)C,265,0,0,no_match
rosmarinic acid,GABRA1,protein:CDBP03412,P14867,OC(=O)C(Cc1ccc(O)c(O)c1)OC(=O)C=Cc2ccc(O)c(O)c2,265,0,0,no_match
spathulenol,GABRA1,protein:CDBP03412,P14867,CC1(O)CCC2C1C3C(CCC2=C)C3(C)C,265,0,0,no_match
trans-anethole,GABRA1,protein:CDBP03412,P14867,COc1ccc(/C=C/C)cc1,265,0,0,no_match
trans-sabinyl acetate,GABRA1,protein:CDBP03412,P14867,CC(C)[C@@]12C[C@@H](C(=C)C1C2)OC(=O)C,265,0,0,no_match
"1,8-cineole",GABRG2,protein:CDBP01864,P18507,C[C@@]12CC[C@@H](CC1)C(C)(C)O2,0,0,0,no_match
absinthin,GABRG2,protein:CDBP01864,P18507,C[C@H]1[C@@H]2CC[C@](C)(O)[C@@H]3[C@H]4[C@H]5C=C(C)[C@@]6([C@H]7OC(=O)[C@@H](C)[C@@H]7CC[C@](C)(O)[C@@H]56)[C@H]4C(=C3[C@H]2OC1=O)C,0,0,0,no_match
alpha-pinene,GABRG2,protein:CDBP01864,P18507,CC1=CC[C@@H]2C[C@H]1C2(C)C,0,0,0,no_match
alpha-pinene,GABRG2,protein:CDBP01864,P18507,CC1=CC[C@H]2CC1C2(C)C,0,0,0,no_match
alpha-thujone,GABRG2,protein:CDBP01864,P18507,CC(C)[C@@]12C[C@@H]1[C@@H](C)C(=O)C2,0,0,0,no_match
anisaldehyde,GABRG2,protein:CDBP01864,P18507,COc1ccc(C=O)cc1,0,0,0,no_match
artabsin,GABRG2,protein:CDBP01864,P18507,C[C@H]1[C@@H]2CC[C@](C)(O)C3=CCC(=C3[C@H]2OC1=O)C,0,0,0,no_match
beta-caryophyllene,GABRG2,protein:CDBP01864,P18507,CC1=CCCC(=C)[C@H]2CC(C)(C)[C@@H]2CC1,0,0,0,no_match
beta-myrcene,GABRG2,protein:CDBP01864,P18507,CC(C)=CCCC(=C)C=C,0,0,0,no_match
beta-pinene,GABRG2,protein:CDBP01864,P18507,CC1(C)C2CCC(=C)[C@@H]1C2,0,0,0,no_match
beta-pinene,GABRG2,protein:CDBP01864,P18507,CC1(C)[C@H]2CCC(=C)[C@@H]1C2,0,0,0,no_match
beta-thujone,GABRG2,protein:CDBP01864,P18507,CC(C)[C@]12C[C@H]1[C@@H](C)C(=O)C2,0,0,0,no_match
camphor,GABRG2,protein:CDBP01864,P18507,CC1(C)[C@H]2CCC1(C)C(=O)C2,0,0,0,no_match
camphor,GABRG2,protein:CDBP01864,P18507,CC1(C)[C@H]2CC[C@]1(C)C(=O)C2,0,0,0,no_match
chamazulene,GABRG2,protein:CDBP01864,P18507,CCc1ccc(C)c2ccc(C)c2c1,0,0,0,no_match
cis-anethole,GABRG2,protein:CDBP01864,P18507,COc1ccc(\C=C/C)cc1,0,0,0,no_match
citronellal,GABRG2,protein:CDBP01864,P18507,C[C@@H](CCC=C(C)C)CC=O,0,0,0,no_match
citronellal,GABRG2,protein:CDBP01864,P18507,C[C@H](CCC=C(C)C)CC=O,0,0,0,no_match
estragole,GABRG2,protein:CDBP01864,P18507,COc1ccc(CC=C)cc1,0,0,0,no_match
fenchone,GABRG2,protein:CDBP01864,P18507,CC1(C)[C@@H]2CC[C@@](C)(C2)C1=O,0,0,0,no_match
fenchone,GABRG2,protein:CDBP01864,P18507,CC1(C)[C@H]2CC[C@](C)(C2)C1=O,0,0,0,no_match
gamma-himachalene,GABRG2,protein:CDBP01864,P18507,CC1=C[C@@H]2[C@H](CC1)C(=CCCC2(C)C)C,0,0,0,no_match
gamma-terpinene,GABRG2,protein:CDBP01864,P18507,CC(C)C1=CCC(=CC1)C,0,0,0,no_match
geranial,GABRG2,protein:CDBP01864,P18507,CC(C)=CCC/C(C)=C/C=O,0,0,0,no_match
isopinocamphone,GABRG2,protein:CDBP01864,P18507,C[C@H]1[C@@H]2C[C@H](CC1=O)C2(C)C,0,0,0,no_match
limonene,GABRG2,protein:CDBP01864,P18507,CC(=C)[C@@H]1CCC(=CC1)C,0,0,0,no_match
limonene,GABRG2,protein:CDBP01864,P18507,CC(=C)[C@H]1CCC(=CC1)C,0,0,0,no_match
linalool,GABRG2,protein:CDBP01864,P18507,CC(C)=CCC[C@@](C)(O)C=C,0,0,0,no_match
linalool,GABRG2,protein:CDBP01864,P18507,CC(C)=CCC[C@](C)(O)C=C,0,0,0,no_match
methyleugenol,GABRG2,protein:CDBP01864,P18507,COc1ccc(CC=C)cc1OC,0,0,0,no_match
neral,GABRG2,protein:CDBP01864,P18507,CC(C)=CCC\C(C)=C/C=O,0,0,0,no_match
pinocamphone,GABRG2,protein:CDBP01864,P18507,C[C@@H]1[C@H]2C[C@H](CC1=O)C2(C)C,0,0,0,no_match
rosmarinic acid,GABRG2,protein:CDBP01864,P18507,OC(=O)C(Cc1ccc(O)c(O)c1)OC(=O)C=Cc2ccc(O)c(O)c2,0,0,0,no_match
spathulenol,GABRG2,protein:CDBP01864,P18507,CC1(O)CCC2C1C3C(CCC2=C)C3(C)C,0,0,0,no_match
trans-anethole,GABRG2,protein:CDBP01864,P18507,COc1ccc(/C=C/C)cc1,0,0,0,no_match
trans-sabinyl acetate,GABRG2,protein:CDBP01864,P18507,CC(C)[C@@]12C[C@@H](C(=C)C1C2)OC(=O)C,0,0,0,no_match
"1,8-cineole",CNR1,protein:CDBP04807,P21554,C[C@@]12CC[C@@H](CC1)C(C)(C)O2,11855,0,0,no_match
absinthin,CNR1,protein:CDBP04807,P21554,C[C@H]1[C@@H]2CC[C@](C)(O)[C@@H]3[C@H]4[C@H]5C=C(C)[C@@]6([C@H]7OC(=O)[C@@H](C)[C@@H]7CC[C@](C)(O)[C@@H]56)[C@H]4C(=C3[C@H]2OC1=O)C,11855,0,0,no_match
alpha-pinene,CNR1,protein:CDBP04807,P21554,CC1=CC[C@@H]2C[C@H]1C2(C)C,11855,0,0,no_match
alpha-pinene,CNR1,protein:CDBP04807,P21554,CC1=CC[C@H]2CC1C2(C)C,11855,0,0,no_match
alpha-thujone,CNR1,protein:CDBP04807,P21554,CC(C)[C@@]12C[C@@H]1[C@@H](C)C(=O)C2,11855,0,0,no_match
anisaldehyde,CNR1,protein:CDBP04807,P21554,COc1ccc(C=O)cc1,11855,0,0,no_match
artabsin,CNR1,protein:CDBP04807,P21554,C[C@H]1[C@@H]2CC[C@](C)(O)C3=CCC(=C3[C@H]2OC1=O)C,11855,0,0,no_match
beta-caryophyllene,CNR1,protein:CDBP04807,P21554,CC1=CCCC(=C)[C@H]2CC(C)(C)[C@@H]2CC1,11855,0,0,no_match
beta-myrcene,CNR1,protein:CDBP04807,P21554,CC(C)=CCCC(=C)C=C,11855,0,0,no_match
beta-pinene,CNR1,protein:CDBP04807,P21554,CC1(C)C2CCC(=C)[C@@H]1C2,11855,0,0,no_match
beta-pinene,CNR1,protein:CDBP04807,P21554,CC1(C)[C@H]2CCC(=C)[C@@H]1C2,11855,0,0,no_match
beta-thujone,CNR1,protein:CDBP04807,P21554,CC(C)[C@]12C[C@H]1[C@@H](C)C(=O)C2,11855,0,0,no_match
camphor,CNR1,protein:CDBP04807,P21554,CC1(C)[C@H]2CCC1(C)C(=O)C2,11855,0,0,no_match
camphor,CNR1,protein:CDBP04807,P21554,CC1(C)[C@H]2CC[C@]1(C)C(=O)C2,11855,0,0,no_match
chamazulene,CNR1,protein:CDBP04807,P21554,CCc1ccc(C)c2ccc(C)c2c1,11855,0,0,no_match
cis-anethole,CNR1,protein:CDBP04807,P21554,COc1ccc(\C=C/C)cc1,11855,0,0,no_match
citronellal,CNR1,protein:CDBP04807,P21554,C[C@@H](CCC=C(C)C)CC=O,11855,0,0,no_match
citronellal,CNR1,protein:CDBP04807,P21554,C[C@H](CCC=C(C)C)CC=O,11855,0,0,no_match
estragole,CNR1,protein:CDBP04807,P21554,COc1ccc(CC=C)cc1,11855,0,0,no_match
fenchone,CNR1,protein:CDBP04807,P21554,CC1(C)[C@@H]2CC[C@@](C)(C2)C1=O,11855,0,0,no_match
fenchone,CNR1,protein:CDBP04807,P21554,CC1(C)[C@H]2CC[C@](C)(C2)C1=O,11855,0,0,no_match
gamma-himachalene,CNR1,protein:CDBP04807,P21554,CC1=C[C@@H]2[C@H](CC1)C(=CCCC2(C)C)C,11855,0,0,no_match
gamma-terpinene,CNR1,protein:CDBP04807,P21554,CC(C)C1=CCC(=CC1)C,11855,0,0,no_match
geranial,CNR1,protein:CDBP04807,P21554,CC(C)=CCC/C(C)=C/C=O,11855,0,0,no_match
isopinocamphone,CNR1,protein:CDBP04807,P21554,C[C@H]1[C@@H]2C[C@H](CC1=O)C2(C)C,11855,0,0,no_match
limonene,CNR1,protein:CDBP04807,P21554,CC(=C)[C@@H]1CCC(=CC1)C,11855,0,0,no_match
limonene,CNR1,protein:CDBP04807,P21554,CC(=C)[C@H]1CCC(=CC1)C,11855,0,0,no_match
linalool,CNR1,protein:CDBP04807,P21554,CC(C)=CCC[C@@](C)(O)C=C,11855,0,0,no_match
linalool,CNR1,protein:CDBP04807,P21554,CC(C)=CCC[C@](C)(O)C=C,11855,0,0,no_match
methyleugenol,CNR1,protein:CDBP04807,P21554,COc1ccc(CC=C)cc1OC,11855,0,0,no_match
neral,CNR1,protein:CDBP04807,P21554,CC(C)=CCC\C(C)=C/C=O,11855,0,0,no_match
pinocamphone,CNR1,protein:CDBP04807,P21554,C[C@@H]1[C@H]2C[C@H](CC1=O)C2(C)C,11855,0,0,no_match
rosmarinic acid,CNR1,protein:CDBP04807,P21554,OC(=O)C(Cc1ccc(O)c(O)c1)OC(=O)C=Cc2ccc(O)c(O)c2,11855,0,0,no_match
spathulenol,CNR1,protein:CDBP04807,P21554,CC1(O)CCC2C1C3C(CCC2=C)C3(C)C,11855,0,0,no_match
trans-anethole,CNR1,protein:CDBP04807,P21554,COc1ccc(/C=C/C)cc1,11855,0,0,no_match
trans-sabinyl acetate,CNR1,protein:CDBP04807,P21554,CC(C)[C@@]12C[C@@H](C(=C)C1C2)OC(=O)C,11855,0,0,no_match
"1,8-cineole",DRD1,protein:CDBP04812,P21728,C[C@@]12CC[C@@H](CC1)C(C)(C)O2,2030,0,0,no_match
absinthin,DRD1,protein:CDBP04812,P21728,C[C@H]1[C@@H]2CC[C@](C)(O)[C@@H]3[C@H]4[C@H]5C=C(C)[C@@]6([C@H]7OC(=O)[C@@H](C)[C@@H]7CC[C@](C)(O)[C@@H]56)[C@H]4C(=C3[C@H]2OC1=O)C,2030,0,0,no_match
alpha-pinene,DRD1,protein:CDBP04812,P21728,CC1=CC[C@@H]2C[C@H]1C2(C)C,2030,0,0,no_match
alpha-pinene,DRD1,protein:CDBP04812,P21728,CC1=CC[C@H]2CC1C2(C)C,2030,0,0,no_match
alpha-thujone,DRD1,protein:CDBP04812,P21728,CC(C)[C@@]12C[C@@H]1[C@@H](C)C(=O)C2,2030,0,0,no_match
anisaldehyde,DRD1,protein:CDBP04812,P21728,COc1ccc(C=O)cc1,2030,0,0,no_match
artabsin,DRD1,protein:CDBP04812,P21728,C[C@H]1[C@@H]2CC[C@](C)(O)C3=CCC(=C3[C@H]2OC1=O)C,2030,0,0,no_match
beta-caryophyllene,DRD1,protein:CDBP04812,P21728,CC1=CCCC(=C)[C@H]2CC(C)(C)[C@@H]2CC1,2030,0,0,no_match
beta-myrcene,DRD1,protein:CDBP04812,P21728,CC(C)=CCCC(=C)C=C,2030,0,0,no_match
beta-pinene,DRD1,protein:CDBP04812,P21728,CC1(C)C2CCC(=C)[C@@H]1C2,2030,0,0,no_match
beta-pinene,DRD1,protein:CDBP04812,P21728,CC1(C)[C@H]2CCC(=C)[C@@H]1C2,2030,0,0,no_match
beta-thujone,DRD1,protein:CDBP04812,P21728,CC(C)[C@]12C[C@H]1[C@@H](C)C(=O)C2,2030,0,0,no_match
camphor,DRD1,protein:CDBP04812,P21728,CC1(C)[C@H]2CCC1(C)C(=O)C2,2030,0,0,no_match
camphor,DRD1,protein:CDBP04812,P21728,CC1(C)[C@H]2CC[C@]1(C)C(=O)C2,2030,0,0,no_match
chamazulene,DRD1,protein:CDBP04812,P21728,CCc1ccc(C)c2ccc(C)c2c1,2030,0,0,no_match
cis-anethole,DRD1,protein:CDBP04812,P21728,COc1ccc(\C=C/C)cc1,2030,0,0,no_match
citronellal,DRD1,protein:CDBP04812,P21728,C[C@@H](CCC=C(C)C)CC=O,2030,0,0,no_match
citronellal,DRD1,protein:CDBP04812,P21728,C[C@H](CCC=C(C)C)CC=O,2030,0,0,no_match
estragole,DRD1,protein:CDBP04812,P21728,COc1ccc(CC=C)cc1,2030,0,0,no_match
fenchone,DRD1,protein:CDBP04812,P21728,CC1(C)[C@@H]2CC[C@@](C)(C2)C1=O,2030,0,0,no_match
fenchone,DRD1,protein:CDBP04812,P21728,CC1(C)[C@H]2CC[C@](C)(C2)C1=O,2030,0,0,no_match
gamma-himachalene,DRD1,protein:CDBP04812,P21728,CC1=C[C@@H]2[C@H](CC1)C(=CCCC2(C)C)C,2030,0,0,no_match
gamma-terpinene,DRD1,protein:CDBP04812,P21728,CC(C)C1=CCC(=CC1)C,2030,0,0,no_match
geranial,DRD1,protein:CDBP04812,P21728,CC(C)=CCC/C(C)=C/C=O,2030,0,0,no_match
isopinocamphone,DRD1,protein:CDBP04812,P21728,C[C@H]1[C@@H]2C[C@H](CC1=O)C2(C)C,2030,0,0,no_match
limonene,DRD1,protein:CDBP04812,P21728,CC(=C)[C@@H]1CCC(=CC1)C,2030,0,0,no_match
limonene,DRD1,protein:CDBP04812,P21728,CC(=C)[C@H]1CCC(=CC1)C,2030,0,0,no_match
linalool,DRD1,protein:CDBP04812,P21728,CC(C)=CCC[C@@](C)(O)C=C,2030,0,0,no_match
linalool,DRD1,protein:CDBP04812,P21728,CC(C)=CCC[C@](C)(O)C=C,2030,0,0,no_match
methyleugenol,DRD1,protein:CDBP04812,P21728,COc1ccc(CC=C)cc1OC,2030,0,0,no_match
neral,DRD1,protein:CDBP04812,P21728,CC(C)=CCC\C(C)=C/C=O,2030,0,0,no_match
pinocamphone,DRD1,protein:CDBP04812,P21728,C[C@@H]1[C@H]2C[C@H](CC1=O)C2(C)C,2030,0,0,no_match
rosmarinic acid,DRD1,protein:CDBP04812,P21728,OC(=O)C(Cc1ccc(O)c(O)c1)OC(=O)C=Cc2ccc(O)c(O)c2,2030,0,0,no_match
spathulenol,DRD1,protein:CDBP04812,P21728,CC1(O)CCC2C1C3C(CCC2=C)C3(C)C,2030,0,0,no_match
trans-anethole,DRD1,protein:CDBP04812,P21728,COc1ccc(/C=C/C)cc1,2030,0,0,no_match
trans-sabinyl acetate,DRD1,protein:CDBP04812,P21728,CC(C)[C@@]12C[C@@H](C(=C)C1C2)OC(=O)C,2030,0,0,no_match
"1,8-cineole",HTR2A,protein:CDBP02043,P28223,C[C@@]12CC[C@@H](CC1)C(C)(C)O2,9535,0,0,no_match
absinthin,HTR2A,protein:CDBP02043,P28223,C[C@H]1[C@@H]2CC[C@](C)(O)[C@@H]3[C@H]4[C@H]5C=C(C)[C@@]6([C@H]7OC(=O)[C@@H](C)[C@@H]7CC[C@](C)(O)[C@@H]56)[C@H]4C(=C3[C@H]2OC1=O)C,9535,0,0,no_match
alpha-pinene,HTR2A,protein:CDBP02043,P28223,CC1=CC[C@@H]2C[C@H]1C2(C)C,9535,0,0,no_match
alpha-pinene,HTR2A,protein:CDBP02043,P28223,CC1=CC[C@H]2CC1C2(C)C,9535,0,0,no_match
alpha-thujone,HTR2A,protein:CDBP02043,P28223,CC(C)[C@@]12C[C@@H]1[C@@H](C)C(=O)C2,9535,0,0,no_match
anisaldehyde,HTR2A,protein:CDBP02043,P28223,COc1ccc(C=O)cc1,9535,0,0,no_match
artabsin,HTR2A,protein:CDBP02043,P28223,C[C@H]1[C@@H]2CC[C@](C)(O)C3=CCC(=C3[C@H]2OC1=O)C,9535,0,0,no_match
beta-caryophyllene,HTR2A,protein:CDBP02043,P28223,CC1=CCCC(=C)[C@H]2CC(C)(C)[C@@H]2CC1,9535,0,0,no_match
beta-myrcene,HTR2A,protein:CDBP02043,P28223,CC(C)=CCCC(=C)C=C,9535,0,0,no_match
beta-pinene,HTR2A,protein:CDBP02043,P28223,CC1(C)C2CCC(=C)[C@@H]1C2,9535,0,0,no_match
beta-pinene,HTR2A,protein:CDBP02043,P28223,CC1(C)[C@H]2CCC(=C)[C@@H]1C2,9535,0,0,no_match
beta-thujone,HTR2A,protein:CDBP02043,P28223,CC(C)[C@]12C[C@H]1[C@@H](C)C(=O)C2,9535,0,0,no_match
camphor,HTR2A,protein:CDBP02043,P28223,CC1(C)[C@H]2CCC1(C)C(=O)C2,9535,0,0,no_match
camphor,HTR2A,protein:CDBP02043,P28223,CC1(C)[C@H]2CC[C@]1(C)C(=O)C2,9535,0,0,no_match
chamazulene,HTR2A,protein:CDBP02043,P28223,CCc1ccc(C)c2ccc(C)c2c1,9535,0,0,no_match
cis-anethole,HTR2A,protein:CDBP02043,P28223,COc1ccc(\C=C/C)cc1,9535,0,0,no_match
citronellal,HTR2A,protein:CDBP02043,P28223,C[C@@H](CCC=C(C)C)CC=O,9535,0,0,no_match
citronellal,HTR2A,protein:CDBP02043,P28223,C[C@H](CCC=C(C)C)CC=O,9535,0,0,no_match
estragole,HTR2A,protein:CDBP02043,P28223,COc1ccc(CC=C)cc1,9535,0,0,no_match
fenchone,HTR2A,protein:CDBP02043,P28223,CC1(C)[C@@H]2CC[C@@](C)(C2)C1=O,9535,0,0,no_match
fenchone,HTR2A,protein:CDBP02043,P28223,CC1(C)[C@H]2CC[C@](C)(C2)C1=O,9535,0,0,no_match
gamma-himachalene,HTR2A,protein:CDBP02043,P28223,CC1=C[C@@H]2[C@H](CC1)C(=CCCC2(C)C)C,9535,0,0,no_match
gamma-terpinene,HTR2A,protein:CDBP02043,P28223,CC(C)C1=CCC(=CC1)C,9535,0,0,no_match
geranial,HTR2A,protein:CDBP02043,P28223,CC(C)=CCC/C(C)=C/C=O,9535,0,0,no_match
isopinocamphone,HTR2A,protein:CDBP02043,P28223,C[C@H]1[C@@H]2C[C@H](CC1=O)C2(C)C,9535,0,0,no_match
limonene,HTR2A,protein:CDBP02043,P28223,CC(=C)[C@@H]1CCC(=CC1)C,9535,0,0,no_match
limonene,HTR2A,protein:CDBP02043,P28223,CC(=C)[C@H]1CCC(=CC1)C,9535,0,0,no_match
linalool,HTR2A,protein:CDBP02043,P28223,CC(C)=CCC[C@@](C)(O)C=C,9535,0,0,no_match
linalool,HTR2A,protein:CDBP02043,P28223,CC(C)=CCC[C@](C)(O)C=C,9535,0,0,no_match
methyleugenol,HTR2A,protein:CDBP02043,P28223,COc1ccc(CC=C)cc1OC,9535,0,0,no_match
neral,HTR2A,protein:CDBP02043,P28223,CC(C)=CCC\C(C)=C/C=O,9535,0,0,no_match
pinocamphone,HTR2A,protein:CDBP02043,P28223,C[C@@H]1[C@H]2C[C@H](CC1=O)C2(C)C,9535,0,0,no_match
rosmarinic acid,HTR2A,protein:CDBP02043,P28223,OC(=O)C(Cc1ccc(O)c(O)c1)OC(=O)C=Cc2ccc(O)c(O)c2,9535,0,0,no_match
spathulenol,HTR2A,protein:CDBP02043,P28223,CC1(O)CCC2C1C3C(CCC2=C)C3(C)C,9535,0,0,no_match
trans-anethole,HTR2A,protein:CDBP02043,P28223,COc1ccc(/C=C/C)cc1,9535,0,0,no_match
trans-sabinyl acetate,HTR2A,protein:CDBP02043,P28223,CC(C)[C@@]12C[C@@H](C(=C)C1C2)OC(=O)C,9535,0,0,no_match
"1,8-cineole",HTR2C,protein:CDBP02060,P28335,C[C@@]12CC[C@@H](CC1)C(C)(C)O2,7160,0,0,no_match
absinthin,HTR2C,protein:CDBP02060,P28335,C[C@H]1[C@@H]2CC[C@](C)(O)[C@@H]3[C@H]4[C@H]5C=C(C)[C@@]6([C@H]7OC(=O)[C@@H](C)[C@@H]7CC[C@](C)(O)[C@@H]56)[C@H]4C(=C3[C@H]2OC1=O)C,7160,0,0,no_match
alpha-pinene,HTR2C,protein:CDBP02060,P28335,CC1=CC[C@@H]2C[C@H]1C2(C)C,7160,0,0,no_match
alpha-pinene,HTR2C,protein:CDBP02060,P28335,CC1=CC[C@H]2CC1C2(C)C,7160,0,0,no_match
alpha-thujone,HTR2C,protein:CDBP02060,P28335,CC(C)[C@@]12C[C@@H]1[C@@H](C)C(=O)C2,7160,0,0,no_match
anisaldehyde,HTR2C,protein:CDBP02060,P28335,COc1ccc(C=O)cc1,7160,0,0,no_match
artabsin,HTR2C,protein:CDBP02060,P28335,C[C@H]1[C@@H]2CC[C@](C)(O)C3=CCC(=C3[C@H]2OC1=O)C,7160,0,0,no_match
beta-caryophyllene,HTR2C,protein:CDBP02060,P28335,CC1=CCCC(=C)[C@H]2CC(C)(C)[C@@H]2CC1,7160,0,0,no_match
beta-myrcene,HTR2C,protein:CDBP02060,P28335,CC(C)=CCCC(=C)C=C,7160,0,0,no_match
beta-pinene,HTR2C,protein:CDBP02060,P28335,CC1(C)C2CCC(=C)[C@@H]1C2,7160,0,0,no_match
beta-pinene,HTR2C,protein:CDBP02060,P28335,CC1(C)[C@H]2CCC(=C)[C@@H]1C2,7160,0,0,no_match
beta-thujone,HTR2C,protein:CDBP02060,P28335,CC(C)[C@]12C[C@H]1[C@@H](C)C(=O)C2,7160,0,0,no_match
camphor,HTR2C,protein:CDBP02060,P28335,CC1(C)[C@H]2CCC1(C)C(=O)C2,7160,0,0,no_match
camphor,HTR2C,protein:CDBP02060,P28335,CC1(C)[C@H]2CC[C@]1(C)C(=O)C2,7160,0,0,no_match
chamazulene,HTR2C,protein:CDBP02060,P28335,CCc1ccc(C)c2ccc(C)c2c1,7160,0,0,no_match
cis-anethole,HTR2C,protein:CDBP02060,P28335,COc1ccc(\C=C/C)cc1,7160,0,0,no_match
citronellal,HTR2C,protein:CDBP02060,P28335,C[C@@H](CCC=C(C)C)CC=O,7160,0,0,no_match
citronellal,HTR2C,protein:CDBP02060,P28335,C[C@H](CCC=C(C)C)CC=O,7160,0,0,no_match
estragole,HTR2C,protein:CDBP02060,P28335,COc1ccc(CC=C)cc1,7160,0,0,no_match
fenchone,HTR2C,protein:CDBP02060,P28335,CC1(C)[C@@H]2CC[C@@](C)(C2)C1=O,7160,0,0,no_match
fenchone,HTR2C,protein:CDBP02060,P28335,CC1(C)[C@H]2CC[C@](C)(C2)C1=O,7160,0,0,no_match
gamma-himachalene,HTR2C,protein:CDBP02060,P28335,CC1=C[C@@H]2[C@H](CC1)C(=CCCC2(C)C)C,7160,0,0,no_match
gamma-terpinene,HTR2C,protein:CDBP02060,P28335,CC(C)C1=CCC(=CC1)C,7160,0,0,no_match
geranial,HTR2C,protein:CDBP02060,P28335,CC(C)=CCC/C(C)=C/C=O,7160,0,0,no_match
isopinocamphone,HTR2C,protein:CDBP02060,P28335,C[C@H]1[C@@H]2C[C@H](CC1=O)C2(C)C,7160,0,0,no_match
limonene,HTR2C,protein:CDBP02060,P28335,CC(=C)[C@@H]1CCC(=CC1)C,7160,0,0,no_match
limonene,HTR2C,protein:CDBP02060,P28335,CC(=C)[C@H]1CCC(=CC1)C,7160,0,0,no_match
linalool,HTR2C,protein:CDBP02060,P28335,CC(C)=CCC[C@@](C)(O)C=C,7160,0,0,no_match
linalool,HTR2C,protein:CDBP02060,P28335,CC(C)=CCC[C@](C)(O)C=C,7160,0,0,no_match
methyleugenol,HTR2C,protein:CDBP02060,P28335,COc1ccc(CC=C)cc1OC,7160,0,0,no_match
neral,HTR2C,protein:CDBP02060,P28335,CC(C)=CCC\C(C)=C/C=O,7160,0,0,no_match
pinocamphone,HTR2C,protein:CDBP02060,P28335,C[C@@H]1[C@H]2C[C@H](CC1=O)C2(C)C,7160,0,0,no_match
rosmarinic acid,HTR2C,protein:CDBP02060,P28335,OC(=O)C(Cc1ccc(O)c(O)c1)OC(=O)C=Cc2ccc(O)c(O)c2,7160,0,0,no_match
spathulenol,HTR2C,protein:CDBP02060,P28335,CC1(O)CCC2C1C3C(CCC2=C)C3(C)C,7160,0,0,no_match
trans-anethole,HTR2C,protein:CDBP02060,P28335,COc1ccc(/C=C/C)cc1,7160,0,0,no_match
trans-sabinyl acetate,HTR2C,protein:CDBP02060,P28335,CC(C)[C@@]12C[C@@H](C(=C)C1C2)OC(=O)C,7160,0,0,no_match
"1,8-cineole",SLC6A4,protein:CDBP01822,P31645,C[C@@]12CC[C@@H](CC1)C(C)(C)O2,28190,0,0,no_match
absinthin,SLC6A4,protein:CDBP01822,P31645,C[C@H]1[C@@H]2CC[C@](C)(O)[C@@H]3[C@H]4[C@H]5C=C(C)[C@@]6([C@H]7OC(=O)[C@@H](C)[C@@H]7CC[C@](C)(O)[C@@H]56)[C@H]4C(=C3[C@H]2OC1=O)C,28190,0,0,no_match
alpha-pinene,SLC6A4,protein:CDBP01822,P31645,CC1=CC[C@@H]2C[C@H]1C2(C)C,28190,0,0,no_match
alpha-pinene,SLC6A4,protein:CDBP01822,P31645,CC1=CC[C@H]2CC1C2(C)C,28190,0,0,no_match
alpha-thujone,SLC6A4,protein:CDBP01822,P31645,CC(C)[C@@]12C[C@@H]1[C@@H](C)C(=O)C2,28190,0,0,no_match
anisaldehyde,SLC6A4,protein:CDBP01822,P31645,COc1ccc(C=O)cc1,28190,0,0,no_match
artabsin,SLC6A4,protein:CDBP01822,P31645,C[C@H]1[C@@H]2CC[C@](C)(O)C3=CCC(=C3[C@H]2OC1=O)C,28190,0,0,no_match
beta-caryophyllene,SLC6A4,protein:CDBP01822,P31645,CC1=CCCC(=C)[C@H]2CC(C)(C)[C@@H]2CC1,28190,0,0,no_match
beta-myrcene,SLC6A4,protein:CDBP01822,P31645,CC(C)=CCCC(=C)C=C,28190,0,0,no_match
beta-pinene,SLC6A4,protein:CDBP01822,P31645,CC1(C)C2CCC(=C)[C@@H]1C2,28190,0,0,no_match
beta-pinene,SLC6A4,protein:CDBP01822,P31645,CC1(C)[C@H]2CCC(=C)[C@@H]1C2,28190,0,0,no_match
beta-thujone,SLC6A4,protein:CDBP01822,P31645,CC(C)[C@]12C[C@H]1[C@@H](C)C(=O)C2,28190,0,0,no_match
camphor,SLC6A4,protein:CDBP01822,P31645,CC1(C)[C@H]2CCC1(C)C(=O)C2,28190,0,0,no_match
camphor,SLC6A4,protein:CDBP01822,P31645,CC1(C)[C@H]2CC[C@]1(C)C(=O)C2,28190,0,0,no_match
chamazulene,SLC6A4,protein:CDBP01822,P31645,CCc1ccc(C)c2ccc(C)c2c1,28190,0,0,no_match
cis-anethole,SLC6A4,protein:CDBP01822,P31645,COc1ccc(\C=C/C)cc1,28190,0,0,no_match
citronellal,SLC6A4,protein:CDBP01822,P31645,C[C@@H](CCC=C(C)C)CC=O,28190,0,0,no_match
citronellal,SLC6A4,protein:CDBP01822,P31645,C[C@H](CCC=C(C)C)CC=O,28190,0,0,no_match
estragole,SLC6A4,protein:CDBP01822,P31645,COc1ccc(CC=C)cc1,28190,0,0,no_match
fenchone,SLC6A4,protein:CDBP01822,P31645,CC1(C)[C@@H]2CC[C@@](C)(C2)C1=O,28190,0,0,no_match
fenchone,SLC6A4,protein:CDBP01822,P31645,CC1(C)[C@H]2CC[C@](C)(C2)C1=O,28190,0,0,no_match
gamma-himachalene,SLC6A4,protein:CDBP01822,P31645,CC1=C[C@@H]2[C@H](CC1)C(=CCCC2(C)C)C,28190,0,0,no_match
gamma-terpinene,SLC6A4,protein:CDBP01822,P31645,CC(C)C1=CCC(=CC1)C,28190,0,0,no_match
geranial,SLC6A4,protein:CDBP01822,P31645,CC(C)=CCC/C(C)=C/C=O,28190,0,0,no_match
isopinocamphone,SLC6A4,protein:CDBP01822,P31645,C[C@H]1[C@@H]2C[C@H](CC1=O)C2(C)C,28190,0,0,no_match
limonene,SLC6A4,protein:CDBP01822,P31645,CC(=C)[C@@H]1CCC(=CC1)C,28190,0,0,no_match
limonene,SLC6A4,protein:CDBP01822,P31645,CC(=C)[C@H]1CCC(=CC1)C,28190,0,0,no_match
linalool,SLC6A4,protein:CDBP01822,P31645,CC(C)=CCC[C@@](C)(O)C=C,28190,0,0,no_match
linalool,SLC6A4,protein:CDBP01822,P31645,CC(C)=CCC[C@](C)(O)C=C,28190,0,0,no_match
methyleugenol,SLC6A4,protein:CDBP01822,P31645,COc1ccc(CC=C)cc1OC,28190,0,0,no_match
neral,SLC6A4,protein:CDBP01822,P31645,CC(C)=CCC\C(C)=C/C=O,28190,0,0,no_match
pinocamphone,SLC6A4,protein:CDBP01822,P31645,C[C@@H]1[C@H]2C[C@H](CC1=O)C2(C)C,28190,0,0,no_match
rosmarinic acid,SLC6A4,protein:CDBP01822,P31645,OC(=O)C(Cc1ccc(O)c(O)c1)OC(=O)C=Cc2ccc(O)c(O)c2,28190,0,0,no_match
spathulenol,SLC6A4,protein:CDBP01822,P31645,CC1(O)CCC2C1C3C(CCC2=C)C3(C)C,28190,0,0,no_match
trans-anethole,SLC6A4,protein:CDBP01822,P31645,COc1ccc(/C=C/C)cc1,28190,0,0,no_match
trans-sabinyl acetate,SLC6A4,protein:CDBP01822,P31645,CC(C)[C@@]12C[C@@H](C(=C)C1C2)OC(=O)C,28190,0,0,no_match
"1,8-cineole",HTR7,protein:CDBP01867,P34969,C[C@@]12CC[C@@H](CC1)C(C)(C)O2,3795,0,0,no_match
absinthin,HTR7,protein:CDBP01867,P34969,C[C@H]1[C@@H]2CC[C@](C)(O)[C@@H]3[C@H]4[C@H]5C=C(C)[C@@]6([C@H]7OC(=O)[C@@H](C)[C@@H]7CC[C@](C)(O)[C@@H]56)[C@H]4C(=C3[C@H]2OC1=O)C,3795,0,0,no_match
alpha-pinene,HTR7,protein:CDBP01867,P34969,CC1=CC[C@@H]2C[C@H]1C2(C)C,3795,0,0,no_match
alpha-pinene,HTR7,protein:CDBP01867,P34969,CC1=CC[C@H]2CC1C2(C)C,3795,0,0,no_match
alpha-thujone,HTR7,protein:CDBP01867,P34969,CC(C)[C@@]12C[C@@H]1[C@@H](C)C(=O)C2,3795,0,0,no_match
anisaldehyde,HTR7,protein:CDBP01867,P34969,COc1ccc(C=O)cc1,3795,0,0,no_match
artabsin,HTR7,protein:CDBP01867,P34969,C[C@H]1[C@@H]2CC[C@](C)(O)C3=CCC(=C3[C@H]2OC1=O)C,3795,0,0,no_match
beta-caryophyllene,HTR7,protein:CDBP01867,P34969,CC1=CCCC(=C)[C@H]2CC(C)(C)[C@@H]2CC1,3795,0,0,no_match
beta-myrcene,HTR7,protein:CDBP01867,P34969,CC(C)=CCCC(=C)C=C,3795,0,0,no_match
beta-pinene,HTR7,protein:CDBP01867,P34969,CC1(C)C2CCC(=C)[C@@H]1C2,3795,0,0,no_match
beta-pinene,HTR7,protein:CDBP01867,P34969,CC1(C)[C@H]2CCC(=C)[C@@H]1C2,3795,0,0,no_match
beta-thujone,HTR7,protein:CDBP01867,P34969,CC(C)[C@]12C[C@H]1[C@@H](C)C(=O)C2,3795,0,0,no_match
camphor,HTR7,protein:CDBP01867,P34969,CC1(C)[C@H]2CCC1(C)C(=O)C2,3795,0,0,no_match
camphor,HTR7,protein:CDBP01867,P34969,CC1(C)[C@H]2CC[C@]1(C)C(=O)C2,3795,0,0,no_match
chamazulene,HTR7,protein:CDBP01867,P34969,CCc1ccc(C)c2ccc(C)c2c1,3795,0,0,no_match
cis-anethole,HTR7,protein:CDBP01867,P34969,COc1ccc(\C=C/C)cc1,3795,0,0,no_match
citronellal,HTR7,protein:CDBP01867,P34969,C[C@@H](CCC=C(C)C)CC=O,3795,0,0,no_match
citronellal,HTR7,protein:CDBP01867,P34969,C[C@H](CCC=C(C)C)CC=O,3795,0,0,no_match
estragole,HTR7,protein:CDBP01867,P34969,COc1ccc(CC=C)cc1,3795,0,0,no_match
fenchone,HTR7,protein:CDBP01867,P34969,CC1(C)[C@@H]2CC[C@@](C)(C2)C1=O,3795,0,0,no_match
fenchone,HTR7,protein:CDBP01867,P34969,CC1(C)[C@H]2CC[C@](C)(C2)C1=O,3795,0,0,no_match
gamma-himachalene,HTR7,protein:CDBP01867,P34969,CC1=C[C@@H]2[C@H](CC1)C(=CCCC2(C)C)C,3795,0,0,no_match
gamma-terpinene,HTR7,protein:CDBP01867,P34969,CC(C)C1=CCC(=CC1)C,3795,0,0,no_match
geranial,HTR7,protein:CDBP01867,P34969,CC(C)=CCC/C(C)=C/C=O,3795,0,0,no_match
isopinocamphone,HTR7,protein:CDBP01867,P34969,C[C@H]1[C@@H]2C[C@H](CC1=O)C2(C)C,3795,0,0,no_match
limonene,HTR7,protein:CDBP01867,P34969,CC(=C)[C@@H]1CCC(=CC1)C,3795,0,0,no_match
limonene,HTR7,protein:CDBP01867,P34969,CC(=C)[C@H]1CCC(=CC1)C,3795,0,0,no_match
linalool,HTR7,protein:CDBP01867,P34969,CC(C)=CCC[C@@](C)(O)C=C,3795,0,0,no_match
linalool,HTR7,protein:CDBP01867,P34969,CC(C)=CCC[C@](C)(O)C=C,3795,0,0,no_match
methyleugenol,HTR7,protein:CDBP01867,P34969,COc1ccc(CC=C)cc1OC,3795,0,0,no_match
neral,HTR7,protein:CDBP01867,P34969,CC(C)=CCC\C(C)=C/C=O,3795,0,0,no_match
pinocamphone,HTR7,protein:CDBP01867,P34969,C[C@@H]1[C@H]2C[C@H](CC1=O)C2(C)C,3795,0,0,no_match
rosmarinic acid,HTR7,protein:CDBP01867,P34969,OC(=O)C(Cc1ccc(O)c(O)c1)OC(=O)C=Cc2ccc(O)c(O)c2,3795,0,0,no_match
spathulenol,HTR7,protein:CDBP01867,P34969,CC1(O)CCC2C1C3C(CCC2=C)C3(C)C,3795,0,0,no_match
trans-anethole,HTR7,protein:CDBP01867,P34969,COc1ccc(/C=C/C)cc1,3795,0,0,no_match
trans-sabinyl acetate,HTR7,protein:CDBP01867,P34969,CC(C)[C@@]12C[C@@H](C(=C)C1C2)OC(=O)C,3795,0,0,no_match
"1,8-cineole",OPRM1,protein:CDBP02036,P35372,C[C@@]12CC[C@@H](CC1)C(C)(C)O2,8740,0,0,no_match
absinthin,OPRM1,protein:CDBP02036,P35372,C[C@H]1[C@@H]2CC[C@](C)(O)[C@@H]3[C@H]4[C@H]5C=C(C)[C@@]6([C@H]7OC(=O)[C@@H](C)[C@@H]7CC[C@](C)(O)[C@@H]56)[C@H]4C(=C3[C@H]2OC1=O)C,8740,0,0,no_match
alpha-pinene,OPRM1,protein:CDBP02036,P35372,CC1=CC[C@@H]2C[C@H]1C2(C)C,8740,0,0,no_match
alpha-pinene,OPRM1,protein:CDBP02036,P35372,CC1=CC[C@H]2CC1C2(C)C,8740,0,0,no_match
alpha-thujone,OPRM1,protein:CDBP02036,P35372,CC(C)[C@@]12C[C@@H]1[C@@H](C)C(=O)C2,8740,0,0,no_match
anisaldehyde,OPRM1,protein:CDBP02036,P35372,COc1ccc(C=O)cc1,8740,0,0,no_match
artabsin,OPRM1,protein:CDBP02036,P35372,C[C@H]1[C@@H]2CC[C@](C)(O)C3=CCC(=C3[C@H]2OC1=O)C,8740,0,0,no_match
beta-caryophyllene,OPRM1,protein:CDBP02036,P35372,CC1=CCCC(=C)[C@H]2CC(C)(C)[C@@H]2CC1,8740,0,0,no_match
beta-myrcene,OPRM1,protein:CDBP02036,P35372,CC(C)=CCCC(=C)C=C,8740,0,0,no_match
beta-pinene,OPRM1,protein:CDBP02036,P35372,CC1(C)C2CCC(=C)[C@@H]1C2,8740,0,0,no_match
beta-pinene,OPRM1,protein:CDBP02036,P35372,CC1(C)[C@H]2CCC(=C)[C@@H]1C2,8740,0,0,no_match
beta-thujone,OPRM1,protein:CDBP02036,P35372,CC(C)[C@]12C[C@H]1[C@@H](C)C(=O)C2,8740,0,0,no_match
camphor,OPRM1,protein:CDBP02036,P35372,CC1(C)[C@H]2CCC1(C)C(=O)C2,8740,0,0,no_match
camphor,OPRM1,protein:CDBP02036,P35372,CC1(C)[C@H]2CC[C@]1(C)C(=O)C2,8740,0,0,no_match
chamazulene,OPRM1,protein:CDBP02036,P35372,CCc1ccc(C)c2ccc(C)c2c1,8740,0,0,no_match
cis-anethole,OPRM1,protein:CDBP02036,P35372,COc1ccc(\C=C/C)cc1,8740,0,0,no_match
citronellal,OPRM1,protein:CDBP02036,P35372,C[C@@H](CCC=C(C)C)CC=O,8740,0,0,no_match
citronellal,OPRM1,protein:CDBP02036,P35372,C[C@H](CCC=C(C)C)CC=O,8740,0,0,no_match
estragole,OPRM1,protein:CDBP02036,P35372,COc1ccc(CC=C)cc1,8740,0,0,no_match
fenchone,OPRM1,protein:CDBP02036,P35372,CC1(C)[C@@H]2CC[C@@](C)(C2)C1=O,8740,0,0,no_match
fenchone,OPRM1,protein:CDBP02036,P35372,CC1(C)[C@H]2CC[C@](C)(C2)C1=O,8740,0,0,no_match
gamma-himachalene,OPRM1,protein:CDBP02036,P35372,CC1=C[C@@H]2[C@H](CC1)C(=CCCC2(C)C)C,8740,0,0,no_match
gamma-terpinene,OPRM1,protein:CDBP02036,P35372,CC(C)C1=CCC(=CC1)C,8740,0,0,no_match
geranial,OPRM1,protein:CDBP02036,P35372,CC(C)=CCC/C(C)=C/C=O,8740,0,0,no_match
isopinocamphone,OPRM1,protein:CDBP02036,P35372,C[C@H]1[C@@H]2C[C@H](CC1=O)C2(C)C,8740,0,0,no_match
limonene,OPRM1,protein:CDBP02036,P35372,CC(=C)[C@@H]1CCC(=CC1)C,8740,0,0,no_match
limonene,OPRM1,protein:CDBP02036,P35372,CC(=C)[C@H]1CCC(=CC1)C,8740,0,0,no_match
linalool,OPRM1,protein:CDBP02036,P35372,CC(C)=CCC[C@@](C)(O)C=C,8740,0,0,no_match
linalool,OPRM1,protein:CDBP02036,P35372,CC(C)=CCC[C@](C)(O)C=C,8740,0,0,no_match
methyleugenol,OPRM1,protein:CDBP02036,P35372,COc1ccc(CC=C)cc1OC,8740,0,0,no_match
neral,OPRM1,protein:CDBP02036,P35372,CC(C)=CCC\C(C)=C/C=O,8740,0,0,no_match
pinocamphone,OPRM1,protein:CDBP02036,P35372,C[C@@H]1[C@H]2C[C@H](CC1=O)C2(C)C,8740,0,0,no_match
rosmarinic acid,OPRM1,protein:CDBP02036,P35372,OC(=O)C(Cc1ccc(O)c(O)c1)OC(=O)C=Cc2ccc(O)c(O)c2,8740,0,0,no_match
spathulenol,OPRM1,protein:CDBP02036,P35372,CC1(O)CCC2C1C3C(CCC2=C)C3(C)C,8740,0,0,no_match
trans-anethole,OPRM1,protein:CDBP02036,P35372,COc1ccc(/C=C/C)cc1,8740,0,0,no_match
trans-sabinyl acetate,OPRM1,protein:CDBP02036,P35372,CC(C)[C@@]12C[C@@H](C(=C)C1C2)OC(=O)C,8740,0,0,no_match
"1,8-cineole",HTR3A,protein:CDBP02156,P46098,C[C@@]12CC[C@@H](CC1)C(C)(C)O2,4050,0,0,no_match
absinthin,HTR3A,protein:CDBP02156,P46098,C[C@H]1[C@@H]2CC[C@](C)(O)[C@@H]3[C@H]4[C@H]5C=C(C)[C@@]6([C@H]7OC(=O)[C@@H](C)[C@@H]7CC[C@](C)(O)[C@@H]56)[C@H]4C(=C3[C@H]2OC1=O)C,4050,0,0,no_match
alpha-pinene,HTR3A,protein:CDBP02156,P46098,CC1=CC[C@@H]2C[C@H]1C2(C)C,4050,0,0,no_match
alpha-pinene,HTR3A,protein:CDBP02156,P46098,CC1=CC[C@H]2CC1C2(C)C,4050,0,0,no_match
alpha-thujone,HTR3A,protein:CDBP02156,P46098,CC(C)[C@@]12C[C@@H]1[C@@H](C)C(=O)C2,4050,0,0,no_match
anisaldehyde,HTR3A,protein:CDBP02156,P46098,COc1ccc(C=O)cc1,4050,0,0,no_match
artabsin,HTR3A,protein:CDBP02156,P46098,C[C@H]1[C@@H]2CC[C@](C)(O)C3=CCC(=C3[C@H]2OC1=O)C,4050,0,0,no_match
beta-caryophyllene,HTR3A,protein:CDBP02156,P46098,CC1=CCCC(=C)[C@H]2CC(C)(C)[C@@H]2CC1,4050,0,0,no_match
beta-myrcene,HTR3A,protein:CDBP02156,P46098,CC(C)=CCCC(=C)C=C,4050,0,0,no_match
beta-pinene,HTR3A,protein:CDBP02156,P46098,CC1(C)C2CCC(=C)[C@@H]1C2,4050,0,0,no_match
beta-pinene,HTR3A,protein:CDBP02156,P46098,CC1(C)[C@H]2CCC(=C)[C@@H]1C2,4050,0,0,no_match
beta-thujone,HTR3A,protein:CDBP02156,P46098,CC(C)[C@]12C[C@H]1[C@@H](C)C(=O)C2,4050,0,0,no_match
camphor,HTR3A,protein:CDBP02156,P46098,CC1(C)[C@H]2CCC1(C)C(=O)C2,4050,0,0,no_match
camphor,HTR3A,protein:CDBP02156,P46098,CC1(C)[C@H]2CC[C@]1(C)C(=O)C2,4050,0,0,no_match
chamazulene,HTR3A,protein:CDBP02156,P46098,CCc1ccc(C)c2ccc(C)c2c1,4050,0,0,no_match
cis-anethole,HTR3A,protein:CDBP02156,P46098,COc1ccc(\C=C/C)cc1,4050,0,0,no_match
citronellal,HTR3A,protein:CDBP02156,P46098,C[C@@H](CCC=C(C)C)CC=O,4050,0,0,no_match
citronellal,HTR3A,protein:CDBP02156,P46098,C[C@H](CCC=C(C)C)CC=O,4050,0,0,no_match
estragole,HTR3A,protein:CDBP02156,P46098,COc1ccc(CC=C)cc1,4050,0,0,no_match
fenchone,HTR3A,protein:CDBP02156,P46098,CC1(C)[C@@H]2CC[C@@](C)(C2)C1=O,4050,0,0,no_match
fenchone,HTR3A,protein:CDBP02156,P46098,CC1(C)[C@H]2CC[C@](C)(C2)C1=O,4050,0,0,no_match
gamma-himachalene,HTR3A,protein:CDBP02156,P46098,CC1=C[C@@H]2[C@H](CC1)C(=CCCC2(C)C)C,4050,0,0,no_match
gamma-terpinene,HTR3A,protein:CDBP02156,P46098,CC(C)C1=CCC(=CC1)C,4050,0,0,no_match
geranial,HTR3A,protein:CDBP02156,P46098,CC(C)=CCC/C(C)=C/C=O,4050,0,0,no_match
isopinocamphone,HTR3A,protein:CDBP02156,P46098,C[C@H]1[C@@H]2C[C@H](CC1=O)C2(C)C,4050,0,0,no_match
limonene,HTR3A,protein:CDBP02156,P46098,CC(=C)[C@@H]1CCC(=CC1)C,4050,0,0,no_match
limonene,HTR3A,protein:CDBP02156,P46098,CC(=C)[C@H]1CCC(=CC1)C,4050,0,0,no_match
linalool,HTR3A,protein:CDBP02156,P46098,CC(C)=CCC[C@@](C)(O)C=C,4050,0,0,no_match
linalool,HTR3A,protein:CDBP02156,P46098,CC(C)=CCC[C@](C)(O)C=C,4050,0,0,no_match
methyleugenol,HTR3A,protein:CDBP02156,P46098,COc1ccc(CC=C)cc1OC,4050,0,0,no_match
neral,HTR3A,protein:CDBP02156,P46098,CC(C)=CCC\C(C)=C/C=O,4050,0,0,no_match
pinocamphone,HTR3A,protein:CDBP02156,P46098,C[C@@H]1[C@H]2C[C@H](CC1=O)C2(C)C,4050,0,0,no_match
rosmarinic acid,HTR3A,protein:CDBP02156,P46098,OC(=O)C(Cc1ccc(O)c(O)c1)OC(=O)C=Cc2ccc(O)c(O)c2,4050,0,0,no_match
spathulenol,HTR3A,protein:CDBP02156,P46098,CC1(O)CCC2C1C3C(CCC2=C)C3(C)C,4050,0,0,no_match
trans-anethole,HTR3A,protein:CDBP02156,P46098,COc1ccc(/C=C/C)cc1,4050,0,0,no_match
trans-sabinyl acetate,HTR3A,protein:CDBP02156,P46098,CC(C)[C@@]12C[C@@H](C(=C)C1C2)OC(=O)C,4050,0,0,no_match
"1,8-cineole",GABRA2,protein:CDBP03413,P47869,C[C@@]12CC[C@@H](CC1)C(C)(C)O2,155,0,0,no_match
absinthin,GABRA2,protein:CDBP03413,P47869,C[C@H]1[C@@H]2CC[C@](C)(O)[C@@H]3[C@H]4[C@H]5C=C(C)[C@@]6([C@H]7OC(=O)[C@@H](C)[C@@H]7CC[C@](C)(O)[C@@H]56)[C@H]4C(=C3[C@H]2OC1=O)C,155,0,0,no_match
alpha-pinene,GABRA2,protein:CDBP03413,P47869,CC1=CC[C@@H]2C[C@H]1C2(C)C,155,0,0,no_match
alpha-pinene,GABRA2,protein:CDBP03413,P47869,CC1=CC[C@H]2CC1C2(C)C,155,0,0,no_match
alpha-thujone,GABRA2,protein:CDBP03413,P47869,CC(C)[C@@]12C[C@@H]1[C@@H](C)C(=O)C2,155,0,0,no_match
anisaldehyde,GABRA2,protein:CDBP03413,P47869,COc1ccc(C=O)cc1,155,0,0,no_match
artabsin,GABRA2,protein:CDBP03413,P47869,C[C@H]1[C@@H]2CC[C@](C)(O)C3=CCC(=C3[C@H]2OC1=O)C,155,0,0,no_match
beta-caryophyllene,GABRA2,protein:CDBP03413,P47869,CC1=CCCC(=C)[C@H]2CC(C)(C)[C@@H]2CC1,155,0,0,no_match
beta-myrcene,GABRA2,protein:CDBP03413,P47869,CC(C)=CCCC(=C)C=C,155,0,0,no_match
beta-pinene,GABRA2,protein:CDBP03413,P47869,CC1(C)C2CCC(=C)[C@@H]1C2,155,0,0,no_match
beta-pinene,GABRA2,protein:CDBP03413,P47869,CC1(C)[C@H]2CCC(=C)[C@@H]1C2,155,0,0,no_match
beta-thujone,GABRA2,protein:CDBP03413,P47869,CC(C)[C@]12C[C@H]1[C@@H](C)C(=O)C2,155,0,0,no_match
camphor,GABRA2,protein:CDBP03413,P47869,CC1(C)[C@H]2CCC1(C)C(=O)C2,155,0,0,no_match
camphor,GABRA2,protein:CDBP03413,P47869,CC1(C)[C@H]2CC[C@]1(C)C(=O)C2,155,0,0,no_match
chamazulene,GABRA2,protein:CDBP03413,P47869,CCc1ccc(C)c2ccc(C)c2c1,155,0,0,no_match
cis-anethole,GABRA2,protein:CDBP03413,P47869,COc1ccc(\C=C/C)cc1,155,0,0,no_match
citronellal,GABRA2,protein:CDBP03413,P47869,C[C@@H](CCC=C(C)C)CC=O,155,0,0,no_match
citronellal,GABRA2,protein:CDBP03413,P47869,C[C@H](CCC=C(C)C)CC=O,155,0,0,no_match
estragole,GABRA2,protein:CDBP03413,P47869,COc1ccc(CC=C)cc1,155,0,0,no_match
fenchone,GABRA2,protein:CDBP03413,P47869,CC1(C)[C@@H]2CC[C@@](C)(C2)C1=O,155,0,0,no_match
fenchone,GABRA2,protein:CDBP03413,P47869,CC1(C)[C@H]2CC[C@](C)(C2)C1=O,155,0,0,no_match
gamma-himachalene,GABRA2,protein:CDBP03413,P47869,CC1=C[C@@H]2[C@H](CC1)C(=CCCC2(C)C)C,155,0,0,no_match
gamma-terpinene,GABRA2,protein:CDBP03413,P47869,CC(C)C1=CCC(=CC1)C,155,0,0,no_match
geranial,GABRA2,protein:CDBP03413,P47869,CC(C)=CCC/C(C)=C/C=O,155,0,0,no_match
isopinocamphone,GABRA2,protein:CDBP03413,P47869,C[C@H]1[C@@H]2C[C@H](CC1=O)C2(C)C,155,0,0,no_match
limonene,GABRA2,protein:CDBP03413,P47869,CC(=C)[C@@H]1CCC(=CC1)C,155,0,0,no_match
limonene,GABRA2,protein:CDBP03413,P47869,CC(=C)[C@H]1CCC(=CC1)C,155,0,0,no_match
linalool,GABRA2,protein:CDBP03413,P47869,CC(C)=CCC[C@@](C)(O)C=C,155,0,0,no_match
linalool,GABRA2,protein:CDBP03413,P47869,CC(C)=CCC[C@](C)(O)C=C,155,0,0,no_match
methyleugenol,GABRA2,protein:CDBP03413,P47869,COc1ccc(CC=C)cc1OC,155,0,0,no_match
neral,GABRA2,protein:CDBP03413,P47869,CC(C)=CCC\C(C)=C/C=O,155,0,0,no_match
pinocamphone,GABRA2,protein:CDBP03413,P47869,C[C@@H]1[C@H]2C[C@H](CC1=O)C2(C)C,155,0,0,no_match
rosmarinic acid,GABRA2,protein:CDBP03413,P47869,OC(=O)C(Cc1ccc(O)c(O)c1)OC(=O)C=Cc2ccc(O)c(O)c2,155,0,0,no_match
spathulenol,GABRA2,protein:CDBP03413,P47869,CC1(O)CCC2C1C3C(CCC2=C)C3(C)C,155,0,0,no_match
trans-anethole,GABRA2,protein:CDBP03413,P47869,COc1ccc(/C=C/C)cc1,155,0,0,no_match
trans-sabinyl acetate,GABRA2,protein:CDBP03413,P47869,CC(C)[C@@]12C[C@@H](C(=C)C1C2)OC(=O)C,155,0,0,no_match
"1,8-cineole",GABRB2,protein:CDBP03419,P47870,C[C@@]12CC[C@@H](CC1)C(C)(C)O2,0,0,0,no_match
absinthin,GABRB2,protein:CDBP03419,P47870,C[C@H]1[C@@H]2CC[C@](C)(O)[C@@H]3[C@H]4[C@H]5C=C(C)[C@@]6([C@H]7OC(=O)[C@@H](C)[C@@H]7CC[C@](C)(O)[C@@H]56)[C@H]4C(=C3[C@H]2OC1=O)C,0,0,0,no_match
alpha-pinene,GABRB2,protein:CDBP03419,P47870,CC1=CC[C@@H]2C[C@H]1C2(C)C,0,0,0,no_match
alpha-pinene,GABRB2,protein:CDBP03419,P47870,CC1=CC[C@H]2CC1C2(C)C,0,0,0,no_match
alpha-thujone,GABRB2,protein:CDBP03419,P47870,CC(C)[C@@]12C[C@@H]1[C@@H](C)C(=O)C2,0,0,0,no_match
anisaldehyde,GABRB2,protein:CDBP03419,P47870,COc1ccc(C=O)cc1,0,0,0,no_match
artabsin,GABRB2,protein:CDBP03419,P47870,C[C@H]1[C@@H]2CC[C@](C)(O)C3=CCC(=C3[C@H]2OC1=O)C,0,0,0,no_match
beta-caryophyllene,GABRB2,protein:CDBP03419,P47870,CC1=CCCC(=C)[C@H]2CC(C)(C)[C@@H]2CC1,0,0,0,no_match
beta-myrcene,GABRB2,protein:CDBP03419,P47870,CC(C)=CCCC(=C)C=C,0,0,0,no_match
beta-pinene,GABRB2,protein:CDBP03419,P47870,CC1(C)C2CCC(=C)[C@@H]1C2,0,0,0,no_match
beta-pinene,GABRB2,protein:CDBP03419,P47870,CC1(C)[C@H]2CCC(=C)[C@@H]1C2,0,0,0,no_match
beta-thujone,GABRB2,protein:CDBP03419,P47870,CC(C)[C@]12C[C@H]1[C@@H](C)C(=O)C2,0,0,0,no_match
camphor,GABRB2,protein:CDBP03419,P47870,CC1(C)[C@H]2CCC1(C)C(=O)C2,0,0,0,no_match
camphor,GABRB2,protein:CDBP03419,P47870,CC1(C)[C@H]2CC[C@]1(C)C(=O)C2,0,0,0,no_match
chamazulene,GABRB2,protein:CDBP03419,P47870,CCc1ccc(C)c2ccc(C)c2c1,0,0,0,no_match
cis-anethole,GABRB2,protein:CDBP03419,P47870,COc1ccc(\C=C/C)cc1,0,0,0,no_match
citronellal,GABRB2,protein:CDBP03419,P47870,C[C@@H](CCC=C(C)C)CC=O,0,0,0,no_match
citronellal,GABRB2,protein:CDBP03419,P47870,C[C@H](CCC=C(C)C)CC=O,0,0,0,no_match
estragole,GABRB2,protein:CDBP03419,P47870,COc1ccc(CC=C)cc1,0,0,0,no_match
fenchone,GABRB2,protein:CDBP03419,P47870,CC1(C)[C@@H]2CC[C@@](C)(C2)C1=O,0,0,0,no_match
fenchone,GABRB2,protein:CDBP03419,P47870,CC1(C)[C@H]2CC[C@](C)(C2)C1=O,0,0,0,no_match
gamma-himachalene,GABRB2,protein:CDBP03419,P47870,CC1=C[C@@H]2[C@H](CC1)C(=CCCC2(C)C)C,0,0,0,no_match
gamma-terpinene,GABRB2,protein:CDBP03419,P47870,CC(C)C1=CCC(=CC1)C,0,0,0,no_match
geranial,GABRB2,protein:CDBP03419,P47870,CC(C)=CCC/C(C)=C/C=O,0,0,0,no_match
isopinocamphone,GABRB2,protein:CDBP03419,P47870,C[C@H]1[C@@H]2C[C@H](CC1=O)C2(C)C,0,0,0,no_match
limonene,GABRB2,protein:CDBP03419,P47870,CC(=C)[C@@H]1CCC(=CC1)C,0,0,0,no_match
limonene,GABRB2,protein:CDBP03419,P47870,CC(=C)[C@H]1CCC(=CC1)C,0,0,0,no_match
linalool,GABRB2,protein:CDBP03419,P47870,CC(C)=CCC[C@@](C)(O)C=C,0,0,0,no_match
linalool,GABRB2,protein:CDBP03419,P47870,CC(C)=CCC[C@](C)(O)C=C,0,0,0,no_match
methyleugenol,GABRB2,protein:CDBP03419,P47870,COc1ccc(CC=C)cc1OC,0,0,0,no_match
neral,GABRB2,protein:CDBP03419,P47870,CC(C)=CCC\C(C)=C/C=O,0,0,0,no_match
pinocamphone,GABRB2,protein:CDBP03419,P47870,C[C@@H]1[C@H]2C[C@H](CC1=O)C2(C)C,0,0,0,no_match
rosmarinic acid,GABRB2,protein:CDBP03419,P47870,OC(=O)C(Cc1ccc(O)c(O)c1)OC(=O)C=Cc2ccc(O)c(O)c2,0,0,0,no_match
spathulenol,GABRB2,protein:CDBP03419,P47870,CC1(O)CCC2C1C3C(CCC2=C)C3(C)C,0,0,0,no_match
trans-anethole,GABRB2,protein:CDBP03419,P47870,COc1ccc(/C=C/C)cc1,0,0,0,no_match
trans-sabinyl acetate,GABRB2,protein:CDBP03419,P47870,CC(C)[C@@]12C[C@@H](C(=C)C1C2)OC(=O)C,0,0,0,no_match
"1,8-cineole",GRIN1,protein:CDBP01515,Q05586,C[C@@]12CC[C@@H](CC1)C(C)(C)O2,560,0,0,no_match
absinthin,GRIN1,protein:CDBP01515,Q05586,C[C@H]1[C@@H]2CC[C@](C)(O)[C@@H]3[C@H]4[C@H]5C=C(C)[C@@]6([C@H]7OC(=O)[C@@H](C)[C@@H]7CC[C@](C)(O)[C@@H]56)[C@H]4C(=C3[C@H]2OC1=O)C,560,0,0,no_match
alpha-pinene,GRIN1,protein:CDBP01515,Q05586,CC1=CC[C@@H]2C[C@H]1C2(C)C,560,0,0,no_match
alpha-pinene,GRIN1,protein:CDBP01515,Q05586,CC1=CC[C@H]2CC1C2(C)C,560,0,0,no_match
alpha-thujone,GRIN1,protein:CDBP01515,Q05586,CC(C)[C@@]12C[C@@H]1[C@@H](C)C(=O)C2,560,0,0,no_match
anisaldehyde,GRIN1,protein:CDBP01515,Q05586,COc1ccc(C=O)cc1,560,0,0,no_match
artabsin,GRIN1,protein:CDBP01515,Q05586,C[C@H]1[C@@H]2CC[C@](C)(O)C3=CCC(=C3[C@H]2OC1=O)C,560,0,0,no_match
beta-caryophyllene,GRIN1,protein:CDBP01515,Q05586,CC1=CCCC(=C)[C@H]2CC(C)(C)[C@@H]2CC1,560,0,0,no_match
beta-myrcene,GRIN1,protein:CDBP01515,Q05586,CC(C)=CCCC(=C)C=C,560,0,0,no_match
beta-pinene,GRIN1,protein:CDBP01515,Q05586,CC1(C)C2CCC(=C)[C@@H]1C2,560,0,0,no_match
beta-pinene,GRIN1,protein:CDBP01515,Q05586,CC1(C)[C@H]2CCC(=C)[C@@H]1C2,560,0,0,no_match
beta-thujone,GRIN1,protein:CDBP01515,Q05586,CC(C)[C@]12C[C@H]1[C@@H](C)C(=O)C2,560,0,0,no_match
camphor,GRIN1,protein:CDBP01515,Q05586,CC1(C)[C@H]2CCC1(C)C(=O)C2,560,0,0,no_match
camphor,GRIN1,protein:CDBP01515,Q05586,CC1(C)[C@H]2CC[C@]1(C)C(=O)C2,560,0,0,no_match
chamazulene,GRIN1,protein:CDBP01515,Q05586,CCc1ccc(C)c2ccc(C)c2c1,560,0,0,no_match
cis-anethole,GRIN1,protein:CDBP01515,Q05586,COc1ccc(\C=C/C)cc1,560,0,0,no_match
citronellal,GRIN1,protein:CDBP01515,Q05586,C[C@@H](CCC=C(C)C)CC=O,560,0,0,no_match
citronellal,GRIN1,protein:CDBP01515,Q05586,C[C@H](CCC=C(C)C)CC=O,560,0,0,no_match
estragole,GRIN1,protein:CDBP01515,Q05586,COc1ccc(CC=C)cc1,560,0,0,no_match
fenchone,GRIN1,protein:CDBP01515,Q05586,CC1(C)[C@@H]2CC[C@@](C)(C2)C1=O,560,0,0,no_match
fenchone,GRIN1,protein:CDBP01515,Q05586,CC1(C)[C@H]2CC[C@](C)(C2)C1=O,560,0,0,no_match
gamma-himachalene,GRIN1,protein:CDBP01515,Q05586,CC1=C[C@@H]2[C@H](CC1)C(=CCCC2(C)C)C,560,0,0,no_match
gamma-terpinene,GRIN1,protein:CDBP01515,Q05586,CC(C)C1=CCC(=CC1)C,560,0,0,no_match
geranial,GRIN1,protein:CDBP01515,Q05586,CC(C)=CCC/C(C)=C/C=O,560,0,0,no_match
isopinocamphone,GRIN1,protein:CDBP01515,Q05586,C[C@H]1[C@@H]2C[C@H](CC1=O)C2(C)C,560,0,0,no_match
limonene,GRIN1,protein:CDBP01515,Q05586,CC(=C)[C@@H]1CCC(=CC1)C,560,0,0,no_match
limonene,GRIN1,protein:CDBP01515,Q05586,CC(=C)[C@H]1CCC(=CC1)C,560,0,0,no_match
linalool,GRIN1,protein:CDBP01515,Q05586,CC(C)=CCC[C@@](C)(O)C=C,560,0,0,no_match
linalool,GRIN1,protein:CDBP01515,Q05586,CC(C)=CCC[C@](C)(O)C=C,560,0,0,no_match
methyleugenol,GRIN1,protein:CDBP01515,Q05586,COc1ccc(CC=C)cc1OC,560,0,0,no_match
neral,GRIN1,protein:CDBP01515,Q05586,CC(C)=CCC\C(C)=C/C=O,560,0,0,no_match
pinocamphone,GRIN1,protein:CDBP01515,Q05586,C[C@@H]1[C@H]2C[C@H](CC1=O)C2(C)C,560,0,0,no_match
rosmarinic acid,GRIN1,protein:CDBP01515,Q05586,OC(=O)C(Cc1ccc(O)c(O)c1)OC(=O)C=Cc2ccc(O)c(O)c2,560,0,0,no_match
spathulenol,GRIN1,protein:CDBP01515,Q05586,CC1(O)CCC2C1C3C(CCC2=C)C3(C)C,560,0,0,no_match
trans-anethole,GRIN1,protein:CDBP01515,Q05586,COc1ccc(/C=C/C)cc1,560,0,0,no_match
trans-sabinyl acetate,GRIN1,protein:CDBP01515,Q05586,CC(C)[C@@]12C[C@@H](C(=C)C1C2)OC(=O)C,560,0,0,no_match
"1,8-cineole",TRPM8,protein:CDBP01847,Q7Z2W7,C[C@@]12CC[C@@H](CC1)C(C)(C)O2,5910,0,0,no_match
absinthin,TRPM8,protein:CDBP01847,Q7Z2W7,C[C@H]1[C@@H]2CC[C@](C)(O)[C@@H]3[C@H]4[C@H]5C=C(C)[C@@]6([C@H]7OC(=O)[C@@H](C)[C@@H]7CC[C@](C)(O)[C@@H]56)[C@H]4C(=C3[C@H]2OC1=O)C,5910,0,0,no_match
alpha-pinene,TRPM8,protein:CDBP01847,Q7Z2W7,CC1=CC[C@@H]2C[C@H]1C2(C)C,5910,0,0,no_match
alpha-pinene,TRPM8,protein:CDBP01847,Q7Z2W7,CC1=CC[C@H]2CC1C2(C)C,5910,0,0,no_match
alpha-thujone,TRPM8,protein:CDBP01847,Q7Z2W7,CC(C)[C@@]12C[C@@H]1[C@@H](C)C(=O)C2,5910,0,0,no_match
anisaldehyde,TRPM8,protein:CDBP01847,Q7Z2W7,COc1ccc(C=O)cc1,5910,0,0,no_match
artabsin,TRPM8,protein:CDBP01847,Q7Z2W7,C[C@H]1[C@@H]2CC[C@](C)(O)C3=CCC(=C3[C@H]2OC1=O)C,5910,0,0,no_match
beta-caryophyllene,TRPM8,protein:CDBP01847,Q7Z2W7,CC1=CCCC(=C)[C@H]2CC(C)(C)[C@@H]2CC1,5910,0,0,no_match
beta-myrcene,TRPM8,protein:CDBP01847,Q7Z2W7,CC(C)=CCCC(=C)C=C,5910,0,0,no_match
beta-pinene,TRPM8,protein:CDBP01847,Q7Z2W7,CC1(C)C2CCC(=C)[C@@H]1C2,5910,0,0,no_match
beta-pinene,TRPM8,protein:CDBP01847,Q7Z2W7,CC1(C)[C@H]2CCC(=C)[C@@H]1C2,5910,0,0,no_match
beta-thujone,TRPM8,protein:CDBP01847,Q7Z2W7,CC(C)[C@]12C[C@H]1[C@@H](C)C(=O)C2,5910,0,0,no_match
camphor,TRPM8,protein:CDBP01847,Q7Z2W7,CC1(C)[C@H]2CCC1(C)C(=O)C2,5910,0,0,no_match
camphor,TRPM8,protein:CDBP01847,Q7Z2W7,CC1(C)[C@H]2CC[C@]1(C)C(=O)C2,5910,0,0,no_match
chamazulene,TRPM8,protein:CDBP01847,Q7Z2W7,CCc1ccc(C)c2ccc(C)c2c1,5910,0,0,no_match
cis-anethole,TRPM8,protein:CDBP01847,Q7Z2W7,COc1ccc(\C=C/C)cc1,5910,0,0,no_match
citronellal,TRPM8,protein:CDBP01847,Q7Z2W7,C[C@@H](CCC=C(C)C)CC=O,5910,0,0,no_match
citronellal,TRPM8,protein:CDBP01847,Q7Z2W7,C[C@H](CCC=C(C)C)CC=O,5910,0,0,no_match
estragole,TRPM8,protein:CDBP01847,Q7Z2W7,COc1ccc(CC=C)cc1,5910,0,0,no_match
fenchone,TRPM8,protein:CDBP01847,Q7Z2W7,CC1(C)[C@@H]2CC[C@@](C)(C2)C1=O,5910,0,0,no_match
fenchone,TRPM8,protein:CDBP01847,Q7Z2W7,CC1(C)[C@H]2CC[C@](C)(C2)C1=O,5910,0,0,no_match
gamma-himachalene,TRPM8,protein:CDBP01847,Q7Z2W7,CC1=C[C@@H]2[C@H](CC1)C(=CCCC2(C)C)C,5910,0,0,no_match
gamma-terpinene,TRPM8,protein:CDBP01847,Q7Z2W7,CC(C)C1=CCC(=CC1)C,5910,0,0,no_match
geranial,TRPM8,protein:CDBP01847,Q7Z2W7,CC(C)=CCC/C(C)=C/C=O,5910,0,0,no_match
isopinocamphone,TRPM8,protein:CDBP01847,Q7Z2W7,C[C@H]1[C@@H]2C[C@H](CC1=O)C2(C)C,5910,0,0,no_match
limonene,TRPM8,protein:CDBP01847,Q7Z2W7,CC(=C)[C@@H]1CCC(=CC1)C,5910,0,0,no_match
limonene,TRPM8,protein:CDBP01847,Q7Z2W7,CC(=C)[C@H]1CCC(=CC1)C,5910,0,0,no_match
linalool,TRPM8,protein:CDBP01847,Q7Z2W7,CC(C)=CCC[C@@](C)(O)C=C,5910,0,0,no_match
linalool,TRPM8,protein:CDBP01847,Q7Z2W7,CC(C)=CCC[C@](C)(O)C=C,5910,0,0,no_match
methyleugenol,TRPM8,protein:CDBP01847,Q7Z2W7,COc1ccc(CC=C)cc1OC,5910,0,0,no_match
neral,TRPM8,protein:CDBP01847,Q7Z2W7,CC(C)=CCC\C(C)=C/C=O,5910,0,0,no_match
pinocamphone,TRPM8,protein:CDBP01847,Q7Z2W7,C[C@@H]1[C@H]2C[C@H](CC1=O)C2(C)C,5910,0,0,no_match
rosmarinic acid,TRPM8,protein:CDBP01847,Q7Z2W7,OC(=O)C(Cc1ccc(O)c(O)c1)OC(=O)C=Cc2ccc(O)c(O)c2,5910,0,0,no_match
spathulenol,TRPM8,protein:CDBP01847,Q7Z2W7,CC1(O)CCC2C1C3C(CCC2=C)C3(C)C,5910,0,0,no_match
trans-anethole,TRPM8,protein:CDBP01847,Q7Z2W7,COc1ccc(/C=C/C)cc1,5910,0,0,no_match
trans-sabinyl acetate,TRPM8,protein:CDBP01847,Q7Z2W7,CC(C)[C@@]12C[C@@H](C(=C)C1C2)OC(=O)C,5910,0,0,no_match
"1,8-cineole",TRPV1,protein:CDBP01848,Q8NER1,C[C@@]12CC[C@@H](CC1)C(C)(C)O2,23950,0,0,no_match
absinthin,TRPV1,protein:CDBP01848,Q8NER1,C[C@H]1[C@@H]2CC[C@](C)(O)[C@@H]3[C@H]4[C@H]5C=C(C)[C@@]6([C@H]7OC(=O)[C@@H](C)[C@@H]7CC[C@](C)(O)[C@@H]56)[C@H]4C(=C3[C@H]2OC1=O)C,23950,0,0,no_match
alpha-pinene,TRPV1,protein:CDBP01848,Q8NER1,CC1=CC[C@@H]2C[C@H]1C2(C)C,23950,0,0,no_match
alpha-pinene,TRPV1,protein:CDBP01848,Q8NER1,CC1=CC[C@H]2CC1C2(C)C,23950,0,0,no_match
alpha-thujone,TRPV1,protein:CDBP01848,Q8NER1,CC(C)[C@@]12C[C@@H]1[C@@H](C)C(=O)C2,23950,0,0,no_match
anisaldehyde,TRPV1,protein:CDBP01848,Q8NER1,COc1ccc(C=O)cc1,23950,0,0,no_match
artabsin,TRPV1,protein:CDBP01848,Q8NER1,C[C@H]1[C@@H]2CC[C@](C)(O)C3=CCC(=C3[C@H]2OC1=O)C,23950,0,0,no_match
beta-caryophyllene,TRPV1,protein:CDBP01848,Q8NER1,CC1=CCCC(=C)[C@H]2CC(C)(C)[C@@H]2CC1,23950,0,0,no_match
beta-myrcene,TRPV1,protein:CDBP01848,Q8NER1,CC(C)=CCCC(=C)C=C,23950,0,0,no_match
beta-pinene,TRPV1,protein:CDBP01848,Q8NER1,CC1(C)C2CCC(=C)[C@@H]1C2,23950,0,0,no_match
beta-pinene,TRPV1,protein:CDBP01848,Q8NER1,CC1(C)[C@H]2CCC(=C)[C@@H]1C2,23950,0,0,no_match
beta-thujone,TRPV1,protein:CDBP01848,Q8NER1,CC(C)[C@]12C[C@H]1[C@@H](C)C(=O)C2,23950,0,0,no_match
camphor,TRPV1,protein:CDBP01848,Q8NER1,CC1(C)[C@H]2CCC1(C)C(=O)C2,23950,0,0,no_match
camphor,TRPV1,protein:CDBP01848,Q8NER1,CC1(C)[C@H]2CC[C@]1(C)C(=O)C2,23950,0,0,no_match
chamazulene,TRPV1,protein:CDBP01848,Q8NER1,CCc1ccc(C)c2ccc(C)c2c1,23950,0,0,no_match
cis-anethole,TRPV1,protein:CDBP01848,Q8NER1,COc1ccc(\C=C/C)cc1,23950,0,0,no_match
citronellal,TRPV1,protein:CDBP01848,Q8NER1,C[C@@H](CCC=C(C)C)CC=O,23950,0,0,no_match
citronellal,TRPV1,protein:CDBP01848,Q8NER1,C[C@H](CCC=C(C)C)CC=O,23950,0,0,no_match
estragole,TRPV1,protein:CDBP01848,Q8NER1,COc1ccc(CC=C)cc1,23950,0,0,no_match
fenchone,TRPV1,protein:CDBP01848,Q8NER1,CC1(C)[C@@H]2CC[C@@](C)(C2)C1=O,23950,0,0,no_match
fenchone,TRPV1,protein:CDBP01848,Q8NER1,CC1(C)[C@H]2CC[C@](C)(C2)C1=O,23950,0,0,no_match
gamma-himachalene,TRPV1,protein:CDBP01848,Q8NER1,CC1=C[C@@H]2[C@H](CC1)C(=CCCC2(C)C)C,23950,0,0,no_match
gamma-terpinene,TRPV1,protein:CDBP01848,Q8NER1,CC(C)C1=CCC(=CC1)C,23950,0,0,no_match
geranial,TRPV1,protein:CDBP01848,Q8NER1,CC(C)=CCC/C(C)=C/C=O,23950,0,0,no_match
isopinocamphone,TRPV1,protein:CDBP01848,Q8NER1,C[C@H]1[C@@H]2C[C@H](CC1=O)C2(C)C,23950,0,0,no_match
limonene,TRPV1,protein:CDBP01848,Q8NER1,CC(=C)[C@@H]1CCC(=CC1)C,23950,0,0,no_match
limonene,TRPV1,protein:CDBP01848,Q8NER1,CC(=C)[C@H]1CCC(=CC1)C,23950,0,0,no_match
linalool,TRPV1,protein:CDBP01848,Q8NER1,CC(C)=CCC[C@@](C)(O)C=C,23950,0,0,no_match
linalool,TRPV1,protein:CDBP01848,Q8NER1,CC(C)=CCC[C@](C)(O)C=C,23950,0,0,no_match
methyleugenol,TRPV1,protein:CDBP01848,Q8NER1,COc1ccc(CC=C)cc1OC,23950,0,0,no_match
neral,TRPV1,protein:CDBP01848,Q8NER1,CC(C)=CCC\C(C)=C/C=O,23950,0,0,no_match
pinocamphone,TRPV1,protein:CDBP01848,Q8NER1,C[C@@H]1[C@H]2C[C@H](CC1=O)C2(C)C,23950,0,0,no_match
rosmarinic acid,TRPV1,protein:CDBP01848,Q8NER1,OC(=O)C(Cc1ccc(O)c(O)c1)OC(=O)C=Cc2ccc(O)c(O)c2,23950,0,0,no_match
spathulenol,TRPV1,protein:CDBP01848,Q8NER1,CC1(O)CCC2C1C3C(CCC2=C)C3(C)C,23950,0,0,no_match
trans-anethole,TRPV1,protein:CDBP01848,Q8NER1,COc1ccc(/C=C/C)cc1,23950,0,0,no_match
trans-sabinyl acetate,TRPV1,protein:CDBP01848,Q8NER1,CC(C)[C@@]12C[C@@H](C(=C)C1C2)OC(=O)C,23950,0,0,no_match
